wave,type,slug,title,audience,conversion,priority,status,notes
1,directory,directory,The Universal Owner Directory,both,advertiser-call,P0,drafted-in-repo,Wave 1 publish pack
1,directory,directory/legal,Legal counsel for asset owners,both,advertiser-call,P0,drafted-in-repo,Wave 1 publish pack
1,directory,directory/accounting,Accounting and tax for asset owners,both,advertiser-call,P0,drafted-in-repo,Wave 1 publish pack
1,directory,directory/technology,Technology for asset owners,both,advertiser-call,P0,drafted-in-repo,Wave 1 publish pack
1,directory,directory/investment-banking,Investment banking for asset owners,both,advertiser-call,P0,drafted-in-repo,Wave 1 publish pack
1,explainer,how-pension-funds-retain-counsel,How pension funds retain counsel,both,advertiser-call,P0,drafted-in-repo,Wave 1 publish pack
1,explainer,family-offices-as-universal-owners,Family offices as universal owners,both,brief,P0,drafted-in-repo,Wave 1 publish pack
1,explainer,what-does-a-family-office-cio-do,What does a family-office CIO do?,allocator,brief,P0,drafted-in-repo,Wave 1 publish pack
1,careers,careers/intelligence/relocating-for-an-asset-owner-role,Relocating for an asset-owner role,both,careers-alert,P0,drafted-in-repo,Wave 1 publish pack
1,city,careers/cities/abu-dhabi,Relocating to Abu Dhabi,both,careers-alert,P0,drafted-in-repo,Wave 1 publish pack
1,city,careers/cities/singapore,Relocating to Singapore,both,careers-alert,P0,drafted-in-repo,Wave 1 publish pack
1,city,careers/cities/oslo,Relocating to Oslo,both,careers-alert,P0,drafted-in-repo,Wave 1 publish pack
1,city,careers/cities/toronto,Relocating to Toronto,both,careers-alert,P0,drafted-in-repo,Wave 1 publish pack
1,city,careers/cities/london,Relocating to London,both,careers-alert,P0,drafted-in-repo,Wave 1 publish pack
1,city,careers/cities/riyadh,Relocating to Riyadh,both,careers-alert,P0,drafted-in-repo,Wave 1 publish pack
1,press,press-desk,Press desk — quote UAO,press,press-quote,P0,drafted-in-repo,Wave 1 publish pack
1,advertiser,advertise,Advertise packages,service-provider,advertiser-call,P0,drafted-in-repo,Wave 1 publish pack
2,institution,norges-bank-investment-management-nbim,Norges Bank Investment Management,allocator,brief,P1,live-check,SWF/reserve
2,institution,public-investment-fund-pif,Public Investment Fund (Saudi Arabia),allocator,brief,P1,refresh-drafted,SWF — Wave 20 overwrites /saudi-pif-s-road-to-2-trillion-by-2030/ (kills $1.21T current / $2.67T 2030). Official current language more than US$900bn. Do not mint a 2031 twin
2,institution,adia-abu-dhabi-investment-authority,Abu Dhabi Investment Authority,allocator,brief,P1,live-check,SWF
2,institution,mubadala-investment-company,Mubadala Investment Company,allocator,brief,P1,live-ok,SWF — live already AED 1.4T / US$385bn YE2025. Skip overwrite. Cluster map is Wave 18 /abu-dhabi-three-sovereign-funds/
2,institution,adq-abu-dhabi,ADQ,allocator,brief,P1,refresh-drafted,SWF — Wave 18 (AED 921.7bn total assets at 31 Dec 2024; live still $250–260bn). Do not mint /adq-explained/
2,institution,investment-corporation-of-dubai-icd-explained,Investment Corporation of Dubai,allocator,brief,P1,refresh-drafted,SWF — Wave 19 (AED 1,468,169m total assets at 31 Dec 2024; live homemade ~$400bn). 301 /investment-corporation-of-dubai-icd/ after paste
2,institution,qatar-investment-authority-qia,Qatar Investment Authority,allocator,brief,P1,refresh-drafted,SWF — Wave 17 (no official AUM; live still $510–600bn). 301 short + portfolio twins after paste. Do not mint /qatar-investment-authority-qia-portfolio/
2,institution,kuwait-investment-authority-kia,Kuwait Investment Authority,allocator,brief,P1,refresh-drafted,SWF — Wave 16 (no official AUM; live still $1.07T)
2,institution,gic-singapore-explained,GIC,allocator,brief,P1,live-check,SWF
2,institution,temasek-holdings-explained,Temasek,allocator,brief,P1,live-check,SWF/strategic
2,institution,china-investment-corporation-cic,China Investment Corporation,allocator,brief,P0,needed,SWF
2,institution,safe-china-reserves,SAFE (China),allocator,brief,P0,needed,Reserve
2,institution,hkma-exchange-fund,HKMA Exchange Fund,allocator,brief,P0,needed,Reserve
2,institution,korea-investment-corporation-kic,Korea Investment Corporation,allocator,brief,P0,refresh-drafted,SWF — Wave 16 overwrites /korea-investment-corporation-kic-explained/ (USD 232.0bn). Do not mint short slug
2,institution,future-fund-australia-explained,Future Fund,allocator,brief,P1,live-check,SWF
2,institution,nz-super-fund-explained,NZ Super Fund,allocator,brief,P0,refresh-drafted,SWF/pension-reserve — Wave 9 keeper is /new-zealand-superannuation-fund-explained/. 301 /nz-super-fund-explained/ after paste. Do not mint a third slug
2,institution,cpp-investments-explained,CPP Investments,allocator,brief,P1,live-check,Public pension
2,institution,ontario-teachers-pension-plan,Ontario Teachers' Pension Plan,allocator,brief,P0,needed,Public pension
2,institution,cdpq-explained,CDPQ,allocator,brief,P0,refresh-drafted,Public pension — Wave 12 (CAD $517.3bn at 31 Dec 2025)
2,institution,psp-investments,PSP Investments,allocator,brief,P0,refresh-drafted,Public pension — Wave 16 overwrites /psp-investments-canada-explained/ (C$320.6bn). Do not mint /psp-investments/
2,institution,omers-explained,OMERS,allocator,brief,P0,needed,Public pension
2,institution,aimco-explained,AIMCo,allocator,brief,P0,refresh-drafted,Public pension — Wave 17 overwrites /aimco-alberta-investment-management-corporation/ (C$194.7bn at 31 Dec 2025). Do not mint /aimco-explained/
2,institution,bcimc-bci,BCI,allocator,brief,P0,refresh-drafted,Public pension — Wave 17 overwrites /bci-british-columbia-investment-management/ ($313.7bn gross / $265.4bn net). 301 twins after paste
2,institution,calpers-explained-largest-us-pension-fund,CalPERS,allocator,brief,P1,live-check,Public pension
2,institution,calstrs-explained,CalSTRS,allocator,brief,P1,live-check,Public pension
2,institution,wisconsin-investment-board-swib,SWIB,allocator,brief,P1,live-check,Public pension
2,institution,gpif-japan-explained,GPIF,allocator,brief,P1,live-check,Public pension
2,institution,abp-netherlands-pension-fund-explained,ABP,allocator,brief,P1,refresh-drafted,Public pension — Wave 35 overwrite. Live €532bn / €543bn / 2.8m. Official €530bn at 31 Mar 2026 / YE2025 €533.134bn / 3,201,054 participants. Do not 301 onto Dutch system
2,institution,pfzw-netherlands,PFZW,allocator,brief,P0,refresh-drafted,Public pension — Wave 16 (€252.0bn AUM at 31 Dec 2025; live still €35bn)
2,institution,atp-denmark,ATP,allocator,brief,P0,refresh-drafted,Public pension — Wave 13 keeper /atp-denmark-pension-fund/. 301 /atp-denmark-explained/ after paste
2,institution,alecta-sweden,Alecta,allocator,brief,P0,needed,Public pension
2,institution,uss-universities-superannuation-scheme,USS,allocator,brief,P1,live-check,Public pension
2,institution,uss-explained-merge,USS canonical merge,allocator,brief,P1,merge,Public pension
2,institution,australian-super,AustralianSuper,allocator,brief,P0,live-ok,Public pension — live /australiansuper-explained/ already A$410bn at 31 Dec 2025. Do not mint /australian-super/
2,institution,aware-super,Aware Super,allocator,brief,P0,refresh-drafted,Public pension — Wave 18 overwrites /aware-super-explained/ (over $240bn at 30 Jun 2026). 301 /aware-super-australia-explained/
2,institution,cbus-super,Cbus,allocator,brief,P0,refresh-drafted,Public pension — Wave 18 overwrites /cbus-superannuation-explained/ (more than $115bn at 30 Jun 2026). 301 australia twin
2,institution,nps-korea,National Pension Service (Korea),allocator,brief,P0,refresh-drafted,Public pension — Wave 16 overwrites /national-pension-service-korea-explained/ (KRW 1,848.7tn at end-May 2026)
2,institution,epfo-india,EPFO (India),allocator,brief,P0,needed,Public pension
2,institution,employees-provident-fund-malaysia,EPF Malaysia,allocator,brief,P0,refresh-drafted,Public pension — Wave 21 overwrites /epf-malaysia-employees-provident-fund-explained/ (RM1,409bn at 31 Dec 2025; live RM950bn / USD 190bn). 301 /epf-malaysia/ after paste. No USD AUM
2,institution,gepf-south-africa,GEPF,allocator,brief,P0,needed,Public pension
2,institution,pic-south-africa,Public Investment Corporation,allocator,brief,P0,needed,Public pension
2,institution,previ-brazil,Previ,allocator,brief,P0,needed,Public pension
2,institution,afore-xxi-banorte,Afore XXI Banorte,allocator,brief,P0,needed,Pension
2,institution,yale-investments-office,Yale Investments Office,allocator,brief,P0,refresh-drafted,Endowment — official $44.1bn / 11.1% at 30 Jun 2025 sits on Wave 14 Yale-model + Wave 15 category + Wave 17 list. Do not mint a third Yale synonym
2,institution,harvard-management-company,Harvard Management Company,allocator,brief,P0,refresh-drafted,Endowment — official $56.9bn / 11.9% at 30 Jun 2025 on Wave 15 category + Wave 17 list. Do not mint /harvard-endowment-explained/
2,institution,stanford-management-company,Stanford Management Company,allocator,brief,P0,refresh-drafted,Endowment — Wave 17 list: endowment $40.8bn at 31 Aug 2025; Merged Pool $47.7bn / 14.3% at 30 Jun 2025. Do not treat the pool as endowment AUM
2,institution,princeton-investment-company,PRINCO,allocator,brief,P0,refresh-drafted,Endowment — Wave 17 list: PRINCO $36.4bn / 11.0% at 30 Jun 2025
2,institution,mit-investment-management-company,MITIMCo,allocator,brief,P0,needed,Endowment
2,institution,university-of-texas-imf,UTIMCO,allocator,brief,P0,needed,Endowment
2,institution,wellcome-trust,Wellcome Trust,allocator,brief,P0,needed,Foundation
2,institution,gates-foundation-trust,Gates Foundation Trust,allocator,brief,P0,needed,Foundation
2,institution,ford-foundation,Ford Foundation,allocator,brief,P0,needed,Foundation
2,institution,khazanah-explained,Khazanah,allocator,brief,P0,refresh-drafted,Q&A /is-khazanah-a-sovereign-wealth-fund/ Wave 12; institution /khazanah-nasional-malaysia-explained/ Wave 17 (RM105bn NAV). Do not 301. Do not mint /khazanah-explained/
2,institution,mumtalakat-bahrain,Mumtalakat,allocator,brief,P0,refresh-drafted,SWF — Wave 11 keeper /mumtalakat-bahrain-explained/. 301 /bahrain-mumtalakat-holding-explained/ after paste
2,institution,qia-vs-adia,QIA vs ADIA,allocator,brief,P0,needed,Comparison
2,institution,nbim-vs-gic,NBIM vs GIC,allocator,brief,P0,refresh-drafted,Comparison — Wave 22 overwrites /nbim-vs-gic/ (kills $1.3T / $1T / $688bn). Official 22,683bn kroner vs GIC no AUM. Legal name GIC Private Limited
2,institution,cpp-vs-calpers,CPP Investments vs CalPERS,allocator,brief,P0,needed,Comparison
2,institution,otpp-vs-cdpq,OTPP vs CDPQ,allocator,brief,P0,needed,Comparison
2,institution,pif-vs-mubadala,PIF vs Mubadala,allocator,brief,P0,refresh-drafted,Comparison — Wave 22 overwrite (kills PIF $1.15T / ADIA $1.18T / $700bn / $500bn NEOM). Official PIF more than US$900bn; Mubadala AED 1.4T / US$385bn; ADIA no AUM
2,institution,mgx-abu-dhabi-ai-fund,MGX,allocator,brief,P1,live-check,SWF/vehicle
2,institution,adnoc-investment,ADNOC investment vehicles,allocator,brief,P0,needed,Strategic
2,institution,aramco-sovereign-adjacent,Aramco as owner-adjacent capital,allocator,brief,P0,needed,Strategic
2,institution,norges-governance-ministry-finance,NBIM and the Ministry of Finance,allocator,brief,P0,needed,Governance
2,institution,alaska-permanent-fund-explained,Alaska Permanent Fund,allocator,brief,P0,refresh-drafted,SWF — Wave 12 ($91.3bn at 30 Jun 2026 unaudited)
2,institution,alberta-heritage-fund,Alberta Heritage Savings Trust Fund,allocator,brief,P0,needed,SWF
2,institution,texas-permanent-school-fund,Texas Permanent School Fund,allocator,brief,P0,needed,SWF-like
2,institution,new-mexico-state-investment-council,NMSIC,allocator,brief,P0,needed,Public pension/SWF-like
2,institution,irish-strategic-investment-fund,ISIF,allocator,brief,P0,needed,Strategic
2,institution,bpifrance,Bpifrance,allocator,brief,P0,needed,Strategic
2,institution,kfw-capital,KfW Capital,allocator,brief,P0,needed,Development
2,institution,cdc-group-bii,British International Investment,allocator,brief,P0,needed,Development
2,institution,ifc-as-owner-adjacent,IFC as owner-adjacent,allocator,brief,P0,needed,Development
2,institution,adib-vs-owner,Do not confuse banks with owners — explainer,allocator,brief,P0,needed,Explainer
2,institution,new-york-state-common-retirement,NYS Common Retirement Fund,allocator,brief,P0,needed,Public pension
2,institution,new-york-city-crs,NYC Retirement Systems,allocator,brief,P0,needed,Public pension
2,institution,florida-sba,Florida State Board of Administration,allocator,brief,P0,refresh-drafted,Public pension — Wave 21 overwrites /florida-state-board-of-administration-explained/ (FRS Pension $234.84bn unaudited 29 May 2026; live $300bn+). Do not mint /florida-sba/
2,institution,texas-trs,Teacher Retirement System of Texas,allocator,brief,P0,refresh-drafted,Public pension — Wave 20 overwrites /texas-teacher-retirement-system-explained/ ($225.3bn at 31 Aug 2025; live still $295bn / 89.4%). Do not mint /texas-trs/
2,institution,calstrs-vs-calpers,CalSTRS vs CalPERS,allocator,brief,P0,needed,Comparison
2,institution,ohio-opers,OPERS,allocator,brief,P0,needed,Public pension
2,institution,ohio-str,STRS Ohio,allocator,brief,P0,needed,Public pension
2,institution,michigan-sistf,Michigan State Treasurer / SISTF,allocator,brief,P0,needed,Public pension
2,institution,pennsylvania-psers,PSERS,allocator,brief,P0,needed,Public pension
2,institution,pennsylvania-sers,SERS Pennsylvania,allocator,brief,P0,needed,Public pension
2,institution,new-jersey-division-of-investment,NJ Division of Investment,allocator,brief,P0,needed,Public pension
2,institution,north-carolina-treasurer,North Carolina Treasurer,allocator,brief,P0,needed,Public pension
2,institution,washington-state-investment-board,WSIB,allocator,brief,P0,needed,Public pension
2,institution,oregon-pers-investments,Oregon State Treasury / PERS,allocator,brief,P0,needed,Public pension
2,institution,massachusetts-prim,PRIM,allocator,brief,P0,needed,Public pension
2,institution,virginia-retirement-system,VRS,allocator,brief,P0,needed,Public pension
2,institution,georgia-trs,TRS Georgia,allocator,brief,P0,needed,Public pension
2,institution,illinois-isbi,ISBI,allocator,brief,P0,needed,Public pension
2,institution,illinois-trs,TRS Illinois,allocator,brief,P0,needed,Public pension
2,institution,los-angeles-lacroa,LACERA,allocator,brief,P0,needed,Public pension
2,institution,san-francisco-sfers,SFERS,allocator,brief,P0,needed,Public pension
2,institution,teacher-retirement-system-of-texas-cio,TRS Texas CIO office,allocator,brief,P0,needed,Public pension
2,institution,cpp-vs-otpp-vs-cdpq,The Canadian large-plan triangle,allocator,brief,P0,needed,Comparison
2,institution,unjps-united-nations,UNJSPF,allocator,brief,P0,needed,Pension
2,institution,cern-pension-fund,CERN Pension Fund,allocator,brief,P0,needed,Pension
2,institution,european-investment-fund,EIF as owner-adjacent,allocator,brief,P0,needed,Development
2,institution,european-investment-bank-treasury,EIB treasury as owner-adjacent,allocator,brief,P0,needed,Development
2,institution,adnoc-xrg,XRG / ADNOC international capital,allocator,brief,P0,needed,Strategic
2,institution,oman-investment-authority,Oman Investment Authority,allocator,brief,P0,needed,SWF
2,institution,bahrain-mumtalakat-refresh,Mumtalakat (full profile),allocator,brief,P0,refresh-drafted,SWF — Wave 11 keeper /mumtalakat-bahrain-explained/. 301 /bahrain-mumtalakat-holding-explained/ after paste. Do not mint a third slug
2,institution,libya-lia,Libyan Investment Authority,allocator,brief,P0,refresh-drafted,SWF — Wave 18 overwrites /libyan-investment-authority-explained/ (2006 / Law 13/2010; live invents 2016 / $67bn). Do not mint short slug
2,institution,turkey-tvf,Turkey Wealth Fund,allocator,brief,P0,needed,SWF
2,institution,russia-nwf-historical,Russian NWF — historical/context only,allocator,brief,P0,needed,SWF
2,institution,kazakhstan-samruk-kazyna,Samruk-Kazyna,allocator,brief,P0,needed,SWF
2,institution,azerbaijan-sofar,SOFAZ,allocator,brief,P0,needed,SWF
2,institution,timor-leste-petroleum-fund,Timor-Leste Petroleum Fund,allocator,brief,P0,refresh-drafted,SWF — Wave 22 overwrite (USD 18.43bn at 30 Jun 2026; live US$18.9bn). Do not mint /timor-leste-petroleum-fund-explained/
2,institution,botswana-pula-fund,Pula Fund,allocator,brief,P0,refresh-drafted,SWF — Wave 19 overwrites /botswana-pula-fund-explained/ (P30,818.706m at 30 Jun 2026; live $6.0bn). Do not mint /botswana-pula-fund/
2,institution,ghana-petroleum-funds,Ghana Petroleum Funds,allocator,brief,P0,refresh-drafted,SWF — Wave 23 overwrites /ghana-heritage-fund-explained/ (Act 815/2011; GHF US$1,460.98m at 30 Jun 2026). Do not mint /ghana-petroleum-funds/
2,institution,nsia-nigeria,Nigeria Sovereign Investment Authority,allocator,brief,P0,needed,SWF
2,institution,angola-fsdea,FSDEA,allocator,brief,P0,refresh-drafted,SWF — Wave 19 overwrites /angola-sovereign-fund-fsdea/ (no current AUM; live $5–8bn / fake name). Do not mint /angola-fsdea/
2,institution,egypt-tsfe,Egypt TSFE,allocator,brief,P0,needed,SWF
2,institution,morocco-iqtisadi,Moroccan strategic funds,allocator,brief,P0,needed,SWF
2,institution,indonesia-danantara-inia,Indonesia sovereign/strategic vehicles,allocator,brief,P0,refresh-drafted,SWF — Wave 15 keeper /danantara-indonesia-sovereign-fund/. 301 /indonesia-danantara-explained/ after paste. Do not mint /danantara-explained/
2,institution,india-nco-ninf,India NIIF,allocator,brief,P0,refresh-drafted,Strategic — Wave 20 overwrites /india-niif-explained/ (USD 4.9B+ AUM; live still $9bn). Do not mint /niif/
2,institution,philippines-maharlika,Maharlika Investment Fund,allocator,brief,P0,needed,SWF
2,institution,vietnam-scic,SCIC,allocator,brief,P0,needed,SWF
2,institution,thailand-gic-not,GPF Thailand,allocator,brief,P0,refresh-drafted,Public pension — Wave 20 overwrites /thailand-gpf-government-pension-fund/ (THB NAV at 24 Aug 2026; live ฿1.8T / USD 50+bn / 1979). No USD AUM
2,institution,hong-kong-mpfa-system,Hong Kong MPF system,allocator,brief,P0,needed,Pension
2,institution,singapore-cpf,CPF vs GIC vs Temasek,allocator,brief,P0,needed,Comparison
2,institution,japan-gpif-vs-pension-funds,GPIF vs smaller Japanese plans,allocator,brief,P0,needed,Comparison
2,institution,canada-pension-model-explained,Canadian pension model (franchise),allocator,brief,P0,needed,Explainer
2,institution,yale-endowment-model-merge,Yale model — merge twins,allocator,brief,P1,merge,merge
2,institution,harvard-vs-yale-endowment,Harvard vs Yale endowment,allocator,brief,P0,needed,Comparison
2,institution,princeton-vs-stanford-endowment,Princeton vs Stanford,allocator,brief,P0,needed,Comparison
2,institution,notre-dame-endowment,Notre Dame endowment,allocator,brief,P0,needed,Endowment
2,institution,duke-endowment-vs-duke-university,Duke (disambiguation),allocator,brief,P0,needed,Endowment
2,institution,columbia-investment-management,Columbia IMC,allocator,brief,P0,needed,Endowment
2,institution,upenn-investment-office,Penn investment office,allocator,brief,P0,needed,Endowment
2,institution,chicago-endowment,University of Chicago endowment,allocator,brief,P0,needed,Endowment
2,institution,northwestern-endowment,Northwestern endowment,allocator,brief,P0,needed,Endowment
2,institution,johns-hopkins-endowment,Johns Hopkins endowment,allocator,brief,P0,needed,Endowment
2,institution,nyu-endowment,NYU endowment,allocator,brief,P0,needed,Endowment
2,institution,usc-endowment,USC endowment,allocator,brief,P0,needed,Endowment
2,institution,university-of-california-regents,UC Investments,allocator,brief,P0,needed,Endowment/public
2,institution,university-of-michigan-endowment,University of Michigan,allocator,brief,P0,needed,Endowment
2,institution,utimco-vs-texas-trs,UTIMCO vs TRS Texas,allocator,brief,P0,needed,Comparison
2,institution,canadian-university-endowments-hub,Canadian university endowments,allocator,brief,P0,needed,Endowment
2,institution,oxford-endowment-ousl,Oxford endowments,allocator,brief,P0,needed,Endowment
2,institution,cambridge-endowment,Cambridge endowments,allocator,brief,P0,needed,Endowment
2,institution,eth-zurich-foundation,ETH Foundation,allocator,brief,P0,needed,Endowment
2,institution,kaust-endowment,KAUST endowment,allocator,brief,P0,needed,Endowment
2,institution,nus-endowment,NUS endowment,allocator,brief,P0,needed,Endowment
2,institution,allianz-investment-management,Allianz investment book,allocator,brief,P0,needed,Insurer
2,institution,axa-investment-managers-owner-side,AXA as owner,allocator,brief,P0,needed,Insurer
2,institution,prudential-pgim-owner-side,Prudential as owner,allocator,brief,P0,needed,Insurer
2,institution,metlife-investment-management-owner,MetLife as owner,allocator,brief,P0,needed,Insurer
2,institution,nippon-life,Nippon Life,allocator,brief,P0,needed,Insurer
2,institution,dai-ichi-life,Dai-ichi Life,allocator,brief,P0,needed,Insurer
2,institution,manulife-as-owner,Manulife as owner,allocator,brief,P0,needed,Insurer
2,institution,sun-life-as-owner,Sun Life as owner,allocator,brief,P0,needed,Insurer
2,institution,legal-and-general-as-owner,Legal & General as owner,allocator,brief,P0,needed,Insurer
2,institution,aviva-as-owner,Aviva as owner,allocator,brief,P0,needed,Insurer
2,institution,swiss-re-investment,Swiss Re investment office,allocator,brief,P0,needed,Insurer
2,institution,munich-re-investment,Munich Re investment office,allocator,brief,P0,needed,Insurer
2,institution,aia-as-owner,AIA as owner,allocator,brief,P0,needed,Insurer
2,institution,ping-an-as-owner,Ping An as owner,allocator,brief,P0,needed,Insurer
2,person,people/allocator-class/yasir-al-rumayyan-pif-governor,Yasir Al-Rumayyan,allocator,brief,P0,live-check,Verify current title from official source on the day of publish
2,person,people/allocator-class/nicolai-tangen-nbim,Nicolai Tangen,allocator,brief,P0,needed,Verify current title from official source on the day of publish
2,person,people/allocator-class/john-graham-cpp-investments-ceo,John Graham,allocator,brief,P0,live-check,Verify current title from official source on the day of publish
2,person,people/allocator-class/marcie-frost-calpers-ceo,Marcie Frost,allocator,brief,P0,live-check,Verify current title from official source on the day of publish
2,person,people/allocator-class/jo-taylor-otpp,Jo Taylor,allocator,brief,P0,needed,Verify current title from official source on the day of publish
2,person,people/allocator-class/deborah-orida-psp,Deborah Orida,allocator,brief,P0,needed,Verify current title from official source on the day of publish
2,person,people/allocator-class/charles-emond-cdpq,Charles Emond,allocator,brief,P0,needed,Verify current title from official source on the day of publish
2,person,people/allocator-class/lim-chow-kiat-gic,Lim Chow Kiat,allocator,brief,P0,needed,Verify current title from official source on the day of publish
2,person,people/allocator-class/dilhan-pillay-temasek,Dilhan Pillay Sandrasegara,allocator,brief,P0,needed,Verify current title from official source on the day of publish
2,person,people/allocator-class/mark-machin-alumni-map,Canadian pension alumni graph (hub),allocator,brief,P0,needed,Verify current title from official source on the day of publish
2,person,people/allocator-class/calpers-cio-current,CalPERS CIO (current seat — verify name at publish),allocator,brief,P0,needed,Verify current title from official source on the day of publish
2,person,people/allocator-class/calstrs-cio-current,CalSTRS CIO (verify at publish),allocator,brief,P0,needed,Verify current title from official source on the day of publish
2,person,people/allocator-class/gpif-cio-current,GPIF CIO (verify at publish),allocator,brief,P0,needed,Verify current title from official source on the day of publish
2,person,people/allocator-class/abp-cio-current,ABP CIO (verify at publish),allocator,brief,P0,needed,Verify current title from official source on the day of publish
2,person,people/allocator-class/future-fund-cio,Future Fund CIO (verify at publish),allocator,brief,P0,needed,Verify current title from official source on the day of publish
2,person,people/allocator-class/harvard-cio-current,Harvard Management Company CEO/CIO,allocator,brief,P0,needed,Verify current title from official source on the day of publish
2,person,people/allocator-class/yale-cio-current,Yale CIO,allocator,brief,P0,needed,Verify current title from official source on the day of publish
2,person,people/allocator-class/wellcome-cio-current,Wellcome Trust CIO,allocator,brief,P0,needed,Verify current title from official source on the day of publish
2,person,people/allocator-class/adia-managing-director,ADIA MD (verify at publish),allocator,brief,P0,needed,Verify current title from official source on the day of publish
2,person,people/allocator-class/mubadala-ceo,Mubadala CEO (verify at publish),allocator,brief,P0,needed,Verify current title from official source on the day of publish
2,person,people/allocator-class/qia-ceo,QIA CEO (verify at publish),allocator,brief,P0,refresh-drafted,Mohammed Saif Al-Sowaidi named current CEO on QIA History. Do not mint a person URL until there is a third sourced fact-set
2,person,people/allocator-class/kia-md,KIA managing director (verify at publish),allocator,brief,P0,needed,Verify current title from official source on the day of publish
2,person,people/allocator-class/cic-chairman,CIC leadership (verify at publish),allocator,brief,P0,needed,Verify current title from official source on the day of publish
2,person,people/allocator-class/nps-korea-cio,NPS Korea CIO (verify at publish),allocator,brief,P0,needed,Verify current title from official source on the day of publish
2,person,people/allocator-class/australiansuper-cio,AustralianSuper CIO,allocator,brief,P0,needed,Verify current title from official source on the day of publish
2,person,people/allocator-class/uss-cio,USS CIO,allocator,brief,P0,needed,Verify current title from official source on the day of publish
2,person,people/allocator-class/swib-cio,SWIB CIO,allocator,brief,P0,needed,Verify current title from official source on the day of publish
2,person,people/allocator-class/aimco-ceo,AIMCo CEO,allocator,brief,P0,refresh-drafted,Ray Gilmour named CEO on AIMCo 2025 results; Justin Lord CIO. Do not mint a person URL until there is a third sourced fact-set
2,person,people/allocator-class/omers-cio,OMERS CIO,allocator,brief,P0,needed,Verify current title from official source on the day of publish
2,city,careers/cities/new-york,Relocating to New York for an asset-owner role,both,careers-alert,P1,needed,Public rules only; no immigration advice
3,city,careers/cities/boston,Relocating to Boston for an asset-owner role,both,careers-alert,P1,needed,Public rules only; no immigration advice
3,city,careers/cities/san-francisco,Relocating to San Francisco for an asset-owner role,both,careers-alert,P1,needed,Public rules only; no immigration advice
3,city,careers/cities/sacramento,Relocating to Sacramento for an asset-owner role,both,careers-alert,P1,needed,Public rules only; no immigration advice
3,city,careers/cities/montreal,Relocating to Montréal for an asset-owner role,both,careers-alert,P1,needed,Public rules only; no immigration advice
3,city,careers/cities/calgary,Relocating to Calgary for an asset-owner role,both,careers-alert,P1,needed,Public rules only; no immigration advice
3,city,careers/cities/vancouver,Relocating to Vancouver for an asset-owner role,both,careers-alert,P1,needed,Public rules only; no immigration advice
2,city,careers/cities/dubai,Relocating to Dubai for an asset-owner role,both,careers-alert,P1,needed,Public rules only; no immigration advice
3,city,careers/cities/doha,Relocating to Doha for an asset-owner role,both,careers-alert,P1,needed,Public rules only; no immigration advice
3,city,careers/cities/kuwait-city,Relocating to Kuwait City for an asset-owner role,both,careers-alert,P1,needed,Public rules only; no immigration advice
2,city,careers/cities/hong-kong,Relocating to Hong Kong for an asset-owner role,both,careers-alert,P1,needed,Public rules only; no immigration advice
3,city,careers/cities/tokyo,Relocating to Tokyo for an asset-owner role,both,careers-alert,P1,needed,Public rules only; no immigration advice
3,city,careers/cities/seoul,Relocating to Seoul for an asset-owner role,both,careers-alert,P1,needed,Public rules only; no immigration advice
2,city,careers/cities/sydney,Relocating to Sydney for an asset-owner role,both,careers-alert,P1,needed,Public rules only; no immigration advice
3,city,careers/cities/melbourne,Relocating to Melbourne for an asset-owner role,both,careers-alert,P1,needed,Public rules only; no immigration advice
3,city,careers/cities/wellington,Relocating to Wellington for an asset-owner role,both,careers-alert,P1,needed,Public rules only; no immigration advice
2,city,careers/cities/amsterdam,Relocating to Amsterdam for an asset-owner role,both,careers-alert,P1,needed,Public rules only; no immigration advice
3,city,careers/cities/the-hague,Relocating to The Hague for an asset-owner role,both,careers-alert,P1,needed,Public rules only; no immigration advice
3,city,careers/cities/stockholm,Relocating to Stockholm for an asset-owner role,both,careers-alert,P1,needed,Public rules only; no immigration advice
3,city,careers/cities/copenhagen,Relocating to Copenhagen for an asset-owner role,both,careers-alert,P1,needed,Public rules only; no immigration advice
2,city,careers/cities/zurich,Relocating to Zurich for an asset-owner role,both,careers-alert,P1,needed,Public rules only; no immigration advice
3,city,careers/cities/geneva,Relocating to Geneva for an asset-owner role,both,careers-alert,P1,needed,Public rules only; no immigration advice
3,city,careers/cities/frankfurt,Relocating to Frankfurt for an asset-owner role,both,careers-alert,P1,needed,Public rules only; no immigration advice
3,city,careers/cities/paris,Relocating to Paris for an asset-owner role,both,careers-alert,P1,needed,Public rules only; no immigration advice
3,city,careers/cities/dublin,Relocating to Dublin for an asset-owner role,both,careers-alert,P1,needed,Public rules only; no immigration advice
3,city,careers/cities/luxembourg,Relocating to Luxembourg for an asset-owner role,both,careers-alert,P1,needed,Public rules only; no immigration advice
3,city,careers/cities/milan,Relocating to Milan for an asset-owner role,both,careers-alert,P1,needed,Public rules only; no immigration advice
3,city,careers/cities/madrid,Relocating to Madrid for an asset-owner role,both,careers-alert,P1,needed,Public rules only; no immigration advice
3,city,careers/cities/johannesburg,Relocating to Johannesburg for an asset-owner role,both,careers-alert,P1,needed,Public rules only; no immigration advice
3,city,careers/cities/cape-town,Relocating to Cape Town for an asset-owner role,both,careers-alert,P1,needed,Public rules only; no immigration advice
3,city,careers/cities/nairobi,Relocating to Nairobi for an asset-owner role,both,careers-alert,P1,needed,Public rules only; no immigration advice
3,city,careers/cities/lagos,Relocating to Lagos for an asset-owner role,both,careers-alert,P1,needed,Public rules only; no immigration advice
3,city,careers/cities/sao-paulo,Relocating to São Paulo for an asset-owner role,both,careers-alert,P1,needed,Public rules only; no immigration advice
3,city,careers/cities/mexico-city,Relocating to Mexico City for an asset-owner role,both,careers-alert,P1,needed,Public rules only; no immigration advice
3,city,careers/cities/santiago,Relocating to Santiago for an asset-owner role,both,careers-alert,P1,needed,Public rules only; no immigration advice
3,city,careers/cities/beijing,Relocating to Beijing for an asset-owner role,both,careers-alert,P1,needed,Public rules only; no immigration advice
3,city,careers/cities/shanghai,Relocating to Shanghai for an asset-owner role,both,careers-alert,P1,needed,Public rules only; no immigration advice
3,city,careers/cities/mumbai,Relocating to Mumbai for an asset-owner role,both,careers-alert,P1,needed,Public rules only; no immigration advice
3,city,careers/cities/kuala-lumpur,Relocating to Kuala Lumpur for an asset-owner role,both,careers-alert,P1,needed,Public rules only; no immigration advice
3,city,careers/cities/jakarta,Relocating to Jakarta for an asset-owner role,both,careers-alert,P1,needed,Public rules only; no immigration advice
3,city,careers/cities/manila,Relocating to Manila for an asset-owner role,both,careers-alert,P1,needed,Public rules only; no immigration advice
3,city,careers/cities/taipei,Relocating to Taipei for an asset-owner role,both,careers-alert,P1,needed,Public rules only; no immigration advice
3,city,careers/cities/tel-aviv,Relocating to Tel Aviv for an asset-owner role,both,careers-alert,P1,needed,Public rules only; no immigration advice
3,city,careers/cities/istanbul,Relocating to Istanbul for an asset-owner role,both,careers-alert,P1,needed,Public rules only; no immigration advice
3,city,careers/cities/vienna,Relocating to Vienna for an asset-owner role,both,careers-alert,P1,needed,Public rules only; no immigration advice
3,city,careers/cities/brussels,Relocating to Brussels for an asset-owner role,both,careers-alert,P1,needed,Public rules only; no immigration advice
3,city,careers/cities/warsaw,Relocating to Warsaw for an asset-owner role,both,careers-alert,P1,needed,Public rules only; no immigration advice
3,city,careers/cities/helsinki,Relocating to Helsinki for an asset-owner role,both,careers-alert,P1,needed,Public rules only; no immigration advice
3,city,careers/cities/reykjavik,Relocating to Reykjavik for an asset-owner role,both,careers-alert,P1,needed,Public rules only; no immigration advice
3,city,careers/cities/perth,Relocating to Perth for an asset-owner role,both,careers-alert,P1,needed,Public rules only; no immigration advice
2,explainer,how-do-family-offices-hire-cios,How do family offices hire CIOs?,allocator,brief,P1,needed,
2,explainer,how-do-sovereign-wealth-funds-hire-lawyers,How do sovereign wealth funds hire lawyers?,allocator,brief,P1,needed,
2,explainer,what-is-a-family-office-technology-stack,What is a family-office technology stack?,allocator,brief,P1,needed,
2,explainer,what-does-an-investment-bank-do-for-a-pension-fund,What does an investment bank do for a pension fund?,allocator,brief,P1,needed,
2,explainer,how-do-endowments-pay-cios,How are endowment CIOs paid? (sourced ranges only),allocator,brief,P1,needed,
2,explainer,what-is-a-strategic-council-membership-for-asset-owners,What is a strategic research membership?,allocator,brief,P1,needed,
2,explainer,how-to-get-quoted-as-an-asset-owner-publication,How newsrooms quote allocator publications,allocator,brief,P1,needed,
2,explainer,what-is-the-canadian-pension-model,What is the Canadian pension model?,allocator,brief,P1,needed,Do not mint. Wave 35 keeper is /canadian-pension-model/. 301 /canadian-model-pension-investing/ after paste
2,explainer,what-is-a-development-finance-institution,What is a DFI vs a SWF?,allocator,brief,P1,needed,
2,explainer,how-do-insurers-invest-differently-from-pensions,How do insurers invest differently from pensions?,allocator,brief,P1,needed,
2,explainer,what-is-an-investment-committee,What is an investment committee?,allocator,brief,P1,needed,
1,explainer,what-is-a-reference-portfolio-merge,Merge reference-portfolio twins,allocator,brief,P1,merge,
1,explainer,what-is-a-total-portfolio-approach-merge,Merge TPA twins,allocator,brief,P1,merge,
1,explainer,santiago-principles-merge,Merge Santiago twins,allocator,brief,P1,merge,
2,explainer,how-do-pensions-use-ocios,How do pensions use OCIOs?,allocator,brief,P1,needed,
2,explainer,when-should-a-family-office-use-an-ocio,When should a family office use an OCIO?,allocator,brief,P1,needed,
2,explainer,what-is-a-fund-of-one,What is a fund-of-one?,allocator,brief,P1,needed,
2,explainer,what-is-an-sma-for-a-family-office,What is an SMA for a family office?,allocator,brief,P1,needed,
2,explainer,how-do-swfs-think-about-sanctions,How do SWFs think about sanctions?,allocator,brief,P1,needed,
2,explainer,what-is-look-through-risk,What is look-through risk?,allocator,brief,P1,needed,
2,explainer,what-is-a-co-invest-committee,What is a co-invest committee?,allocator,brief,P1,needed,
2,explainer,how-do-public-pensions-publish-holdings,How do public pensions publish holdings?,allocator,brief,P1,needed,
2,explainer,what-is-form-pf-vs-n-px,Form PF vs N-PX for owners,allocator,brief,P1,needed,
2,explainer,how-do-gulf-funds-work-with-placement-agents,Gulf funds and placement agents,allocator,brief,P1,needed,
2,explainer,what-is-a-family-constitution,What is a family constitution?,allocator,brief,P1,needed,
2,explainer,what-is-next-gen-governance,What is next-gen governance in a family office?,allocator,brief,P1,needed,
2,explainer,how-do-endowments-set-spending-rules,How do endowments set spending rules?,allocator,brief,P1,needed,
2,explainer,what-is-a-smoothing-rule,What is a spending smoothing rule?,allocator,brief,P1,needed,
2,explainer,how-do-corporate-pensions-run-de-risking,How do corporate pensions de-risk?,allocator,brief,P1,needed,
2,explainer,what-is-a-journey-plan,What is a UK journey plan?,allocator,brief,P1,needed,
2,explainer,how-do-australian-supers-differ-from-us-public-plans,Australian super vs US public plans,allocator,brief,P1,needed,
2,explainer,what-is-a-superannuation-trustee,What is a superannuation trustee?,allocator,brief,P1,needed,
2,explainer,how-do-latam-pension-afps-invest,How do Latin American AFPs invest?,allocator,brief,P1,needed,
2,explainer,what-is-an-afore,What is an Afore?,allocator,brief,P1,needed,
2,explainer,how-do-african-sovereign-funds-differ,How do African sovereign funds differ?,allocator,brief,P1,refresh-drafted,Do not mint this slug. Wave 19 overwrites live /african-sovereign-wealth-funds/ (kills $200bn pile). 301 /african-sovereign-wealth-funds-overview/ and /sovereign-wealth-funds-in-africa/ after paste
2,explainer,what-is-the-nigeria-sovereign-investment-authority,NSIA explained,allocator,brief,P1,needed,
2,explainer,what-is-the-angola-fsdea,FSDEA explained,allocator,brief,P1,refresh-drafted,Do not mint this slug. Live keeper is /angola-sovereign-fund-fsdea/ (Wave 19)
2,explainer,what-is-pula-fund,Pula Fund explained,allocator,brief,P1,refresh-drafted,Do not mint this slug. Live keeper is /botswana-pula-fund-explained/ (Wave 19)
2,explainer,the-oil-five-gulf-sovereign-wealth-funds-explained,Oil Five Gulf SWFs,allocator,brief,P1,refresh-drafted,Wave 20 overwrite (kills $3.9T pile). ADIA/KIA/QIA no AUM. Do not mint a Gulf-total twin
2,explainer,saudi-pif-s-road-to-2-trillion-by-2030,PIF $2T by 2030 KPI,allocator,brief,P1,refresh-drafted,Wave 20 overwrite. 2030 figure is a KPI not current AUM. Do not mint a 2031 twin
2,explainer,nbim-vs-gpif,NBIM vs GPIF,allocator,brief,P1,refresh-drafted,Wave 21 overwrite (kills $2T / $1.9T / 15.83%). Official kroner vs yen. Do not mint /nbim-vs-gpif-explained/
2,explainer,how-sovereign-wealth-fund-aum-is-estimated,How SWF AUM is estimated,allocator,brief,P1,refresh-drafted,Wave 21 overwrite (kills GPFG $1.34T / CIC $1.02T / SAFE $2T+). 301 /how-swf-aum-is-estimated/ after paste
2,explainer,largest-sovereign-wealth-funds-per-capita,SWF per capita,allocator,brief,P1,refresh-drafted,Wave 21 overwrite (kills $296k / ADIA $180bn / GIC $170k). 301 /sovereign-wealth-funds-per-capita/ after paste
2,explainer,mongolia-future-heritage-fund,Mongolia Future Heritage Fund,allocator,brief,P1,refresh-drafted,Wave 22 overwrite (FHF is a Chinggis sub-fund; ~USD 1.336bn at 31 Dec 2025; live $1.5bn as of 2023). Do not mint /chinggis-khaan-sovereign-wealth-fund/
2,explainer,largest-family-offices-in-the-world,Largest family offices,allocator,brief,P1,refresh-drafted,Wave 22 overwrite (kills $4–8T pile / Walton $90bn / Albrecht $50bn / Thomson $60bn / Mubadala-as-FO). No official FO AUM table
2,explainer,pif-vs-adia,PIF vs ADIA,allocator,brief,P1,refresh-drafted,Wave 23 overwrite (kills $2.3T / PIF $1.15T / ADIA $1.18T). Official PIF more than US$900bn; ADIA no AUM
2,explainer,gic-vs-cpp,GIC vs CPP,allocator,brief,P1,refresh-drafted,Wave 23 overwrite (kills GIC $936bn). Official GIC no AUM; CPP C$793.3bn. CPP is not a SWF
2,explainer,family-office-vs-sovereign-wealth-fund,Family office vs SWF,allocator,brief,P1,refresh-drafted,Wave 23 overwrite (kills FO $100M–$5B / SWF $50B–$1T / GPFG $1.4T / ADIA $150bn). No official FO AUM bands
2,explainer,papua-new-guinea-sovereign-wealth-fund,PNG sovereign wealth fund,allocator,brief,P1,refresh-drafted,Wave 23 overwrite (Organic-Law design; no official AUM; live treats $2.7bn LNG revenue as the fund)
2,explainer,ghana-heritage-fund-explained,Ghana Heritage Fund,allocator,brief,P1,refresh-drafted,Wave 23 overwrite (kills 2019 founding). Official Act 815/2011; GHF US$1,460.98m at 30 Jun 2026. Do not mint /ghana-petroleum-funds/
2,explainer,saudi-gosi-explained,GOSI / Hassana,allocator,brief,P1,refresh-drafted,Wave 24 overwrite (Hassana SAR 1.2T+; live $180bn/2023). 301 /saudi-gosi-investment-explained/. No USD AUM
2,explainer,public-investment-fund-pif,Public Investment Fund,allocator,brief,P1,refresh-drafted,Wave 24 overwrite (kills $925bn). Official more than US$900bn. $2T is a KPI
2,explainer,gulf-sovereign-wealth-funds,Gulf SWFs,allocator,brief,P1,refresh-drafted,Wave 24 overwrite (kills $5T / $7T pile). No official combined Gulf AUM. Do not 301 onto Oil Five
2,explainer,sovereign-wealth-funds-in-the-middle-east,Middle East SWFs,allocator,brief,P1,refresh-drafted,Wave 24 overwrite (kills $3T / ADIA $171bn / KIA $716bn). ADIA 1976 no AUM
2,explainer,trinidad-tobago-heritage-stabilisation-fund,Trinidad HSF,allocator,brief,P1,refresh-drafted,Wave 24 overwrite (US$6,254.9m at 31 Dec 2025; live US$5.76bn Jun 2024)
2,explainer,smaller-gulf-sovereign-funds-compared,Smaller Gulf SWFs,allocator,brief,P1,refresh-drafted,Wave 25 overwrite (kills ADIA $157bn / founded 2007). ADIA 1976 no AUM. Do not mint explained twin
2,explainer,norway-vs-gulf-sovereign-wealth-models,Norway vs Gulf SWF models,allocator,brief,P1,refresh-drafted,Wave 25 overwrite (kills GPFG $1.3T / ADIA $172bn / PIF $925bn). Official 22683bn kroner
2,explainer,newest-sovereign-wealth-funds-by-founding-year,Newest SWFs by founding year,allocator,brief,P1,refresh-drafted,Wave 25 overwrite (kills Vietnam SCIF 2024 $2bn and Indonesia $15bn/2023). Official INA Dec 2020 / IDR 146.2T. Do not mint /vietnam-scic/ or /indonesia-investment-authority/
2,explainer,stabilisation-vs-heritage-fund-mandates,Stabilisation vs heritage mandates,allocator,brief,P1,refresh-drafted,Wave 25 overwrite (ESSF US$3.884bn June 2026 not $10.8bn; Future Fund A$269.1bn not A$219.3bn)
2,explainer,palestine-investment-fund-explained,Palestine Investment Fund,allocator,brief,P1,refresh-drafted,Wave 25 overwrite (kills QIA $520bn / KIA $800bn). Official 2003 no AUM. Do not mint /palestine-investment-fund/
2,explainer,pif-vs-qia,PIF vs QIA,allocator,brief,P1,refresh-drafted,Wave 26 overwrite (kills $800bn / PIF $925bn / QIA $550-650bn). Official PIF more than US$900bn; QIA no AUM. Do not 301 onto PIF vs ADIA
2,explainer,singapore-vs-norway-reserve-model,Singapore vs Norway reserve model,allocator,brief,P1,refresh-drafted,Wave 26 overwrite (kills GIC $690bn / GPFG $1.368T). Official GIC no AUM; GPFG kroner
2,explainer,sovereign-wealth-funds-in-asia,Asian SWFs,allocator,brief,P1,refresh-drafted,Wave 26 overwrite (kills $4T / SAFE $1.3T / GPIF-as-SWF). Do not mint /safe-china/
2,explainer,gulf-cooperation-council-investment-strategy,GCC investment strategy,allocator,brief,P1,refresh-drafted,Wave 26 overwrite (kills $2T / ADIA $172.6bn / KIA $700bn). Do not 301 onto Oil Five
2,explainer,how-sovereign-wealth-funds-make-money,How SWFs make money,allocator,brief,P1,refresh-drafted,Wave 26 overwrite (kills $13T / GPFG $1.8T). Do not mint explained twin
2,explainer,how-do-central-bank-reserves-differ-from-swfs,Reserves vs SWFs (defend existing),allocator,brief,P1,needed,
2,explainer,what-is-a-stabilization-fund,What is a stabilization fund?,allocator,brief,P1,needed,
2,explainer,how-do-owners-use-secondaries,How do owners use secondaries?,allocator,brief,P1,needed,
2,explainer,what-is-a-gp-led-secondary-for-an-lp,GP-led secondaries for LPs,allocator,brief,P1,needed,
2,explainer,how-do-owners-think-about-tokenized-funds,Tokenized funds for owners,allocator,brief,P1,needed,
2,explainer,what-is-operational-due-diligence-for-an-lp,ODD for asset owners,allocator,brief,P1,needed,
2,explainer,how-do-owners-run-manager-selection,How owners run manager selection,allocator,brief,P1,needed,
2,explainer,what-is-a-consultant-database,What is a consultant database?,allocator,brief,P1,needed,
2,explainer,how-do-search-firms-work-for-cio-mandates,How search firms run CIO mandates,allocator,brief,P1,needed,
2,explainer,what-is-a-retained-search,What is a retained search?,allocator,brief,P1,needed,
2,explainer,how-do-compensation-consultants-price-cio-roles,CIO compensation consultants,allocator,brief,P1,needed,
2,explainer,what-is-carried-interest-inside-an-asset-owner,Carry inside an asset owner,allocator,brief,P1,needed,
2,explainer,how-do-owners-handle-personal-trading,Personal trading policies,allocator,brief,P1,needed,
2,explainer,what-is-a-code-of-ethics-for-an-investment-office,Investment-office code of ethics,allocator,brief,P1,needed,
2,explainer,how-do-owners-disclose-climate-votes,Climate vote disclosure,allocator,brief,P1,needed,
2,explainer,what-is-a-stewardship-code,What is a stewardship code?,allocator,brief,P1,needed,
2,explainer,how-do-japanese-pensions-steward,Stewardship in Japanese pensions,allocator,brief,P1,needed,
2,explainer,what-is-the-uk-stewardship-code,UK Stewardship Code for owners,allocator,brief,P1,needed,
2,explainer,how-do-family-offices-think-about-philanthropy-vs-the-book,Philanthropy vs the investment book,allocator,brief,P1,needed,
2,explainer,what-is-impact-alongside-a-universal-owner-book,Impact vs universal ownership,allocator,brief,P1,needed,
2,explainer,how-do-owners-underwrite-data-centers,Underwriting data centers,allocator,brief,P1,needed,
2,explainer,how-do-owners-underwrite-ports,Underwriting ports,allocator,brief,P1,needed,
2,explainer,how-do-owners-underwrite-grids,Underwriting grids,allocator,brief,P1,needed,
2,explainer,what-is-a-chokepoint-for-a-universal-owner,What is a chokepoint?,allocator,brief,P1,needed,
2,explainer,how-does-insurance-close-a-strait,Insurance as a chokepoint (refresh Hormuz research),allocator,brief,P1,needed,
2,explainer,what-is-the-capital-stage-ledger,Capital Stage Ledger (refresh),allocator,brief,P1,needed,
2,explainer,how-to-read-a-probability-desk-scenario,How to read a Probability Desk scenario,allocator,brief,P1,needed,
2,explainer,what-is-a-tripwire-in-scenario-analysis,What is a tripwire?,allocator,brief,P1,needed,
2,explainer,how-do-boards-use-scenario-weights,How boards use scenario weights,allocator,brief,P1,needed,
2,explainer,what-publications-do-cios-read,What publications do CIOs read?,allocator,brief,P1,needed,
2,explainer,who-covers-sovereign-wealth-funds,Who covers sovereign wealth funds?,allocator,brief,P1,needed,
2,explainer,ipe-vs-pensions-and-investments-vs-uao,IPE vs P&I vs UAO (honest comparison),allocator,brief,P1,needed,
2,explainer,what-is-swfi-vs-a-newsroom,SWFI vs a newsroom,allocator,brief,P1,needed,
2,explainer,how-do-service-providers-advertise-to-asset-owners,How service providers advertise to owners,both,brief,P1,needed,
2,explainer,what-does-a-20k-a-month-media-buy-get-you,What a $20k/month institutional media buy is,both,brief,P1,needed,
2,explainer,how-do-recruiters-reach-sovereign-fund-talent,How recruiters reach SWF talent,both,brief,P1,needed,
2,explainer,what-is-an-institutional-talent-desk,What is an Institutional Talent Desk?,allocator,brief,P1,needed,
2,explainer,how-do-people-moves-signal-allocation-changes,People moves as allocation signals,allocator,brief,P1,needed,
2,explainer,what-is-in-housing-of-private-markets,In-housing private markets,allocator,brief,P1,needed,
2,explainer,how-do-owners-open-a-london-office,How owners open a London office,allocator,brief,P1,needed,
2,explainer,how-do-owners-open-a-new-york-office,How owners open a New York office,allocator,brief,P1,needed,
2,explainer,how-do-owners-open-a-singapore-office,How owners open a Singapore office,allocator,brief,P1,needed,
2,explainer,what-is-a-representative-office-vs-a-desk,Rep office vs desk,allocator,brief,P1,needed,
2,explainer,how-do-sanctions-change-a-family-office-bank,Sanctions and family-office banking,allocator,brief,P1,needed,
2,explainer,what-is-a-multi-custodian-model,Multi-custodian model,allocator,brief,P1,needed,
2,explainer,how-do-owners-pick-a-custodian,How owners pick a custodian,allocator,brief,P1,needed,
2,explainer,what-is-an-administrator-for-a-pension-plan,Pension administrators,allocator,brief,P1,needed,
2,explainer,how-do-cyber-insurers-underwrite-family-offices,Cyber insurance for family offices,allocator,brief,P1,needed,
2,explainer,what-is-principal-protection-for-a-family,Principal protection (non-advice),allocator,brief,P1,needed,
2,explainer,how-do-next-gen-members-join-an-ic,Next-gen on the investment committee,allocator,brief,P1,needed,
2,explainer,what-is-a-family-investment-committee,Family investment committee,allocator,brief,P1,needed,
2,explainer,how-do-single-family-offices-unbundle,How SFOs unbundle,allocator,brief,P1,needed,
2,explainer,what-is-a-multi-family-office-fee,MFO fees (sourced only),allocator,brief,P1,needed,
2,explainer,how-do-pensions-use-placement-agents,Pensions and placement agents,allocator,brief,P1,needed,
2,explainer,what-is-a-capital-introduction,What is cap intro for an owner?,allocator,brief,P1,needed,
2,explainer,how-do-owners-think-about-ipo-allocations,IPO allocations for owners,allocator,brief,P1,needed,
2,explainer,what-is-a-sovereign-co-invest-in-infrastructure,Sovereign co-invests in infrastructure,allocator,brief,P1,needed,
2,explainer,how-do-gulf-funds-invest-in-sports,Gulf funds and sports assets,allocator,brief,P1,needed,
2,explainer,how-do-gulf-funds-invest-in-ai,Gulf funds and AI,allocator,brief,P1,needed,
2,explainer,what-is-patriotic-capital,What is patriotic capital?,allocator,brief,P1,needed,
2,explainer,how-do-owners-treat-defense-as-an-asset-class,Defense as an asset class,allocator,brief,P1,needed,
2,explainer,what-is-a-national-security-screen-on-a-deal,National security screens,allocator,brief,P1,needed,
2,explainer,how-do-cfius-and-peers-affect-swfs,CFIUS and SWFs,allocator,brief,P1,needed,
2,explainer,what-is-golden-share,What is a golden share?,allocator,brief,P1,needed,
2,explainer,how-do-owners-map-supply-chains,Supply-chain mapping for owners,allocator,brief,P1,needed,
2,explainer,what-is-a-universal-owner-externality,Universal-owner externalities,allocator,brief,P1,needed,
2,explainer,how-to-use-uao-registry,How to use the UAO Registry,allocator,brief,P1,needed,
2,explainer,what-is-the-uao-100,What is the UAO 100?,allocator,brief,P1,needed,
2,explainer,how-we-audit-readership,How UAO audits readership (public version),allocator,brief,P1,needed,
3,geo-hub,geo/norway/sovereign-wealth-funds,Sovereign Wealth Funds in Norway,allocator,brief,P2,needed,Ship only when ≥5 child pages exist
3,geo-hub,geo/norway/public-pensions,Public Pensions in Norway,allocator,brief,P2,needed,Ship only when ≥5 child pages exist
3,geo-hub,geo/norway/family-offices,Family Offices in Norway,allocator,brief,P2,needed,Ship only when ≥5 child pages exist
3,geo-hub,geo/norway/endowments,Endowments in Norway,allocator,brief,P2,needed,Ship only when ≥5 child pages exist
3,geo-hub,geo/norway/insurers,Insurers in Norway,allocator,brief,P2,needed,Ship only when ≥5 child pages exist
3,geo-hub,geo/saudi-arabia/sovereign-wealth-funds,Sovereign Wealth Funds in Saudi Arabia,allocator,brief,P2,needed,Ship only when ≥5 child pages exist
3,geo-hub,geo/saudi-arabia/public-pensions,Public Pensions in Saudi Arabia,allocator,brief,P2,needed,Ship only when ≥5 child pages exist
3,geo-hub,geo/saudi-arabia/family-offices,Family Offices in Saudi Arabia,allocator,brief,P2,needed,Ship only when ≥5 child pages exist
3,geo-hub,geo/saudi-arabia/endowments,Endowments in Saudi Arabia,allocator,brief,P2,needed,Ship only when ≥5 child pages exist
3,geo-hub,geo/saudi-arabia/insurers,Insurers in Saudi Arabia,allocator,brief,P2,needed,Ship only when ≥5 child pages exist
3,geo-hub,geo/united-arab-emirates/sovereign-wealth-funds,Sovereign Wealth Funds in United Arab Emirates,allocator,brief,P2,needed,Ship only when ≥5 child pages exist
3,geo-hub,geo/united-arab-emirates/public-pensions,Public Pensions in United Arab Emirates,allocator,brief,P2,needed,Ship only when ≥5 child pages exist
3,geo-hub,geo/united-arab-emirates/family-offices,Family Offices in United Arab Emirates,allocator,brief,P2,needed,Ship only when ≥5 child pages exist
3,geo-hub,geo/united-arab-emirates/endowments,Endowments in United Arab Emirates,allocator,brief,P2,needed,Ship only when ≥5 child pages exist
3,geo-hub,geo/united-arab-emirates/insurers,Insurers in United Arab Emirates,allocator,brief,P2,needed,Ship only when ≥5 child pages exist
3,geo-hub,geo/qatar/sovereign-wealth-funds,Sovereign Wealth Funds in Qatar,allocator,brief,P2,needed,Ship only when ≥5 child pages exist
3,geo-hub,geo/qatar/public-pensions,Public Pensions in Qatar,allocator,brief,P2,needed,Ship only when ≥5 child pages exist
3,geo-hub,geo/qatar/family-offices,Family Offices in Qatar,allocator,brief,P2,needed,Ship only when ≥5 child pages exist
3,geo-hub,geo/qatar/endowments,Endowments in Qatar,allocator,brief,P2,needed,Ship only when ≥5 child pages exist
3,geo-hub,geo/qatar/insurers,Insurers in Qatar,allocator,brief,P2,needed,Ship only when ≥5 child pages exist
3,geo-hub,geo/kuwait/sovereign-wealth-funds,Sovereign Wealth Funds in Kuwait,allocator,brief,P2,needed,Ship only when ≥5 child pages exist
3,geo-hub,geo/kuwait/public-pensions,Public Pensions in Kuwait,allocator,brief,P2,needed,Ship only when ≥5 child pages exist
3,geo-hub,geo/kuwait/family-offices,Family Offices in Kuwait,allocator,brief,P2,needed,Ship only when ≥5 child pages exist
3,geo-hub,geo/kuwait/endowments,Endowments in Kuwait,allocator,brief,P2,needed,Ship only when ≥5 child pages exist
3,geo-hub,geo/kuwait/insurers,Insurers in Kuwait,allocator,brief,P2,needed,Ship only when ≥5 child pages exist
3,geo-hub,geo/singapore/sovereign-wealth-funds,Sovereign Wealth Funds in Singapore,allocator,brief,P2,needed,Ship only when ≥5 child pages exist
3,geo-hub,geo/singapore/public-pensions,Public Pensions in Singapore,allocator,brief,P2,needed,Ship only when ≥5 child pages exist
3,geo-hub,geo/singapore/family-offices,Family Offices in Singapore,allocator,brief,P2,needed,Ship only when ≥5 child pages exist
3,geo-hub,geo/singapore/endowments,Endowments in Singapore,allocator,brief,P2,needed,Ship only when ≥5 child pages exist
3,geo-hub,geo/singapore/insurers,Insurers in Singapore,allocator,brief,P2,needed,Ship only when ≥5 child pages exist
3,geo-hub,geo/china/sovereign-wealth-funds,Sovereign Wealth Funds in China,allocator,brief,P2,needed,Ship only when ≥5 child pages exist
3,geo-hub,geo/china/public-pensions,Public Pensions in China,allocator,brief,P2,needed,Ship only when ≥5 child pages exist
3,geo-hub,geo/china/family-offices,Family Offices in China,allocator,brief,P2,needed,Ship only when ≥5 child pages exist
3,geo-hub,geo/china/endowments,Endowments in China,allocator,brief,P2,needed,Ship only when ≥5 child pages exist
3,geo-hub,geo/china/insurers,Insurers in China,allocator,brief,P2,needed,Ship only when ≥5 child pages exist
3,geo-hub,geo/hong-kong/sovereign-wealth-funds,Sovereign Wealth Funds in Hong Kong,allocator,brief,P2,needed,Ship only when ≥5 child pages exist
3,geo-hub,geo/hong-kong/public-pensions,Public Pensions in Hong Kong,allocator,brief,P2,needed,Ship only when ≥5 child pages exist
3,geo-hub,geo/hong-kong/family-offices,Family Offices in Hong Kong,allocator,brief,P2,needed,Ship only when ≥5 child pages exist
3,geo-hub,geo/hong-kong/endowments,Endowments in Hong Kong,allocator,brief,P2,needed,Ship only when ≥5 child pages exist
3,geo-hub,geo/hong-kong/insurers,Insurers in Hong Kong,allocator,brief,P2,needed,Ship only when ≥5 child pages exist
3,geo-hub,geo/japan/sovereign-wealth-funds,Sovereign Wealth Funds in Japan,allocator,brief,P2,needed,Ship only when ≥5 child pages exist
3,geo-hub,geo/japan/public-pensions,Public Pensions in Japan,allocator,brief,P2,needed,Ship only when ≥5 child pages exist
3,geo-hub,geo/japan/family-offices,Family Offices in Japan,allocator,brief,P2,needed,Ship only when ≥5 child pages exist
3,geo-hub,geo/japan/endowments,Endowments in Japan,allocator,brief,P2,needed,Ship only when ≥5 child pages exist
3,geo-hub,geo/japan/insurers,Insurers in Japan,allocator,brief,P2,needed,Ship only when ≥5 child pages exist
3,geo-hub,geo/south-korea/sovereign-wealth-funds,Sovereign Wealth Funds in South Korea,allocator,brief,P2,needed,Ship only when ≥5 child pages exist
3,geo-hub,geo/south-korea/public-pensions,Public Pensions in South Korea,allocator,brief,P2,needed,Ship only when ≥5 child pages exist
3,geo-hub,geo/south-korea/family-offices,Family Offices in South Korea,allocator,brief,P2,needed,Ship only when ≥5 child pages exist
3,geo-hub,geo/south-korea/endowments,Endowments in South Korea,allocator,brief,P2,needed,Ship only when ≥5 child pages exist
3,geo-hub,geo/south-korea/insurers,Insurers in South Korea,allocator,brief,P2,needed,Ship only when ≥5 child pages exist
3,geo-hub,geo/australia/sovereign-wealth-funds,Sovereign Wealth Funds in Australia,allocator,brief,P2,needed,Ship only when ≥5 child pages exist
3,geo-hub,geo/australia/public-pensions,Public Pensions in Australia,allocator,brief,P2,needed,Ship only when ≥5 child pages exist
3,geo-hub,geo/australia/family-offices,Family Offices in Australia,allocator,brief,P2,needed,Ship only when ≥5 child pages exist
3,geo-hub,geo/australia/endowments,Endowments in Australia,allocator,brief,P2,needed,Ship only when ≥5 child pages exist
3,geo-hub,geo/australia/insurers,Insurers in Australia,allocator,brief,P2,needed,Ship only when ≥5 child pages exist
3,geo-hub,geo/new-zealand/sovereign-wealth-funds,Sovereign Wealth Funds in New Zealand,allocator,brief,P2,needed,Ship only when ≥5 child pages exist
3,geo-hub,geo/new-zealand/public-pensions,Public Pensions in New Zealand,allocator,brief,P2,needed,Ship only when ≥5 child pages exist
3,geo-hub,geo/new-zealand/family-offices,Family Offices in New Zealand,allocator,brief,P2,needed,Ship only when ≥5 child pages exist
3,geo-hub,geo/new-zealand/endowments,Endowments in New Zealand,allocator,brief,P2,needed,Ship only when ≥5 child pages exist
3,geo-hub,geo/new-zealand/insurers,Insurers in New Zealand,allocator,brief,P2,needed,Ship only when ≥5 child pages exist
3,geo-hub,geo/canada/sovereign-wealth-funds,Sovereign Wealth Funds in Canada,allocator,brief,P2,needed,Ship only when ≥5 child pages exist
3,geo-hub,geo/canada/public-pensions,Public Pensions in Canada,allocator,brief,P2,needed,Ship only when ≥5 child pages exist
3,geo-hub,geo/canada/family-offices,Family Offices in Canada,allocator,brief,P2,needed,Ship only when ≥5 child pages exist
3,geo-hub,geo/canada/endowments,Endowments in Canada,allocator,brief,P2,needed,Ship only when ≥5 child pages exist
3,geo-hub,geo/canada/insurers,Insurers in Canada,allocator,brief,P2,needed,Ship only when ≥5 child pages exist
3,geo-hub,geo/united-states/sovereign-wealth-funds,Sovereign Wealth Funds in United States,allocator,brief,P2,needed,Ship only when ≥5 child pages exist
3,geo-hub,geo/united-states/public-pensions,Public Pensions in United States,allocator,brief,P2,needed,Ship only when ≥5 child pages exist
3,geo-hub,geo/united-states/family-offices,Family Offices in United States,allocator,brief,P2,needed,Ship only when ≥5 child pages exist
3,geo-hub,geo/united-states/endowments,Endowments in United States,allocator,brief,P2,needed,Ship only when ≥5 child pages exist
3,geo-hub,geo/united-states/insurers,Insurers in United States,allocator,brief,P2,needed,Ship only when ≥5 child pages exist
3,geo-hub,geo/united-kingdom/sovereign-wealth-funds,Sovereign Wealth Funds in United Kingdom,allocator,brief,P2,needed,Ship only when ≥5 child pages exist
3,geo-hub,geo/united-kingdom/public-pensions,Public Pensions in United Kingdom,allocator,brief,P2,needed,Ship only when ≥5 child pages exist
3,geo-hub,geo/united-kingdom/family-offices,Family Offices in United Kingdom,allocator,brief,P2,needed,Ship only when ≥5 child pages exist
3,geo-hub,geo/united-kingdom/endowments,Endowments in United Kingdom,allocator,brief,P2,needed,Ship only when ≥5 child pages exist
3,geo-hub,geo/united-kingdom/insurers,Insurers in United Kingdom,allocator,brief,P2,needed,Ship only when ≥5 child pages exist
3,geo-hub,geo/netherlands/sovereign-wealth-funds,Sovereign Wealth Funds in Netherlands,allocator,brief,P2,needed,Ship only when ≥5 child pages exist
3,geo-hub,geo/netherlands/public-pensions,Public Pensions in Netherlands,allocator,brief,P2,needed,Ship only when ≥5 child pages exist
3,geo-hub,geo/netherlands/family-offices,Family Offices in Netherlands,allocator,brief,P2,needed,Ship only when ≥5 child pages exist
3,geo-hub,geo/netherlands/endowments,Endowments in Netherlands,allocator,brief,P2,needed,Ship only when ≥5 child pages exist
3,geo-hub,geo/netherlands/insurers,Insurers in Netherlands,allocator,brief,P2,needed,Ship only when ≥5 child pages exist
3,geo-hub,geo/denmark/sovereign-wealth-funds,Sovereign Wealth Funds in Denmark,allocator,brief,P2,needed,Ship only when ≥5 child pages exist
3,geo-hub,geo/denmark/public-pensions,Public Pensions in Denmark,allocator,brief,P2,needed,Ship only when ≥5 child pages exist
3,geo-hub,geo/denmark/family-offices,Family Offices in Denmark,allocator,brief,P2,needed,Ship only when ≥5 child pages exist
3,geo-hub,geo/denmark/endowments,Endowments in Denmark,allocator,brief,P2,needed,Ship only when ≥5 child pages exist
3,geo-hub,geo/denmark/insurers,Insurers in Denmark,allocator,brief,P2,needed,Ship only when ≥5 child pages exist
3,geo-hub,geo/sweden/sovereign-wealth-funds,Sovereign Wealth Funds in Sweden,allocator,brief,P2,needed,Ship only when ≥5 child pages exist
3,geo-hub,geo/sweden/public-pensions,Public Pensions in Sweden,allocator,brief,P2,needed,Ship only when ≥5 child pages exist
3,geo-hub,geo/sweden/family-offices,Family Offices in Sweden,allocator,brief,P2,needed,Ship only when ≥5 child pages exist
3,geo-hub,geo/sweden/endowments,Endowments in Sweden,allocator,brief,P2,needed,Ship only when ≥5 child pages exist
3,geo-hub,geo/sweden/insurers,Insurers in Sweden,allocator,brief,P2,needed,Ship only when ≥5 child pages exist
3,geo-hub,geo/switzerland/sovereign-wealth-funds,Sovereign Wealth Funds in Switzerland,allocator,brief,P2,needed,Ship only when ≥5 child pages exist
3,geo-hub,geo/switzerland/public-pensions,Public Pensions in Switzerland,allocator,brief,P2,needed,Ship only when ≥5 child pages exist
3,geo-hub,geo/switzerland/family-offices,Family Offices in Switzerland,allocator,brief,P2,needed,Ship only when ≥5 child pages exist
3,geo-hub,geo/switzerland/endowments,Endowments in Switzerland,allocator,brief,P2,needed,Ship only when ≥5 child pages exist
3,geo-hub,geo/switzerland/insurers,Insurers in Switzerland,allocator,brief,P2,needed,Ship only when ≥5 child pages exist
3,geo-hub,geo/germany/sovereign-wealth-funds,Sovereign Wealth Funds in Germany,allocator,brief,P2,needed,Ship only when ≥5 child pages exist
3,geo-hub,geo/germany/public-pensions,Public Pensions in Germany,allocator,brief,P2,needed,Ship only when ≥5 child pages exist
3,geo-hub,geo/germany/family-offices,Family Offices in Germany,allocator,brief,P2,needed,Ship only when ≥5 child pages exist
3,geo-hub,geo/germany/endowments,Endowments in Germany,allocator,brief,P2,needed,Ship only when ≥5 child pages exist
3,geo-hub,geo/germany/insurers,Insurers in Germany,allocator,brief,P2,needed,Ship only when ≥5 child pages exist
3,geo-hub,geo/france/sovereign-wealth-funds,Sovereign Wealth Funds in France,allocator,brief,P2,needed,Ship only when ≥5 child pages exist
3,geo-hub,geo/france/public-pensions,Public Pensions in France,allocator,brief,P2,needed,Ship only when ≥5 child pages exist
3,geo-hub,geo/france/family-offices,Family Offices in France,allocator,brief,P2,needed,Ship only when ≥5 child pages exist
3,geo-hub,geo/france/endowments,Endowments in France,allocator,brief,P2,needed,Ship only when ≥5 child pages exist
3,geo-hub,geo/france/insurers,Insurers in France,allocator,brief,P2,needed,Ship only when ≥5 child pages exist
3,geo-hub,geo/ireland/sovereign-wealth-funds,Sovereign Wealth Funds in Ireland,allocator,brief,P2,needed,Ship only when ≥5 child pages exist
3,geo-hub,geo/ireland/public-pensions,Public Pensions in Ireland,allocator,brief,P2,needed,Ship only when ≥5 child pages exist
3,geo-hub,geo/ireland/family-offices,Family Offices in Ireland,allocator,brief,P2,needed,Ship only when ≥5 child pages exist
3,geo-hub,geo/ireland/endowments,Endowments in Ireland,allocator,brief,P2,needed,Ship only when ≥5 child pages exist
3,geo-hub,geo/ireland/insurers,Insurers in Ireland,allocator,brief,P2,needed,Ship only when ≥5 child pages exist
3,geo-hub,geo/italy/sovereign-wealth-funds,Sovereign Wealth Funds in Italy,allocator,brief,P2,needed,Ship only when ≥5 child pages exist
3,geo-hub,geo/italy/public-pensions,Public Pensions in Italy,allocator,brief,P2,needed,Ship only when ≥5 child pages exist
3,geo-hub,geo/italy/family-offices,Family Offices in Italy,allocator,brief,P2,needed,Ship only when ≥5 child pages exist
3,geo-hub,geo/italy/endowments,Endowments in Italy,allocator,brief,P2,needed,Ship only when ≥5 child pages exist
3,geo-hub,geo/italy/insurers,Insurers in Italy,allocator,brief,P2,needed,Ship only when ≥5 child pages exist
3,geo-hub,geo/spain/sovereign-wealth-funds,Sovereign Wealth Funds in Spain,allocator,brief,P2,needed,Ship only when ≥5 child pages exist
3,geo-hub,geo/spain/public-pensions,Public Pensions in Spain,allocator,brief,P2,needed,Ship only when ≥5 child pages exist
3,geo-hub,geo/spain/family-offices,Family Offices in Spain,allocator,brief,P2,needed,Ship only when ≥5 child pages exist
3,geo-hub,geo/spain/endowments,Endowments in Spain,allocator,brief,P2,needed,Ship only when ≥5 child pages exist
3,geo-hub,geo/spain/insurers,Insurers in Spain,allocator,brief,P2,needed,Ship only when ≥5 child pages exist
3,geo-hub,geo/india/sovereign-wealth-funds,Sovereign Wealth Funds in India,allocator,brief,P2,needed,Ship only when ≥5 child pages exist
3,geo-hub,geo/india/public-pensions,Public Pensions in India,allocator,brief,P2,needed,Ship only when ≥5 child pages exist
3,geo-hub,geo/india/family-offices,Family Offices in India,allocator,brief,P2,needed,Ship only when ≥5 child pages exist
3,geo-hub,geo/india/endowments,Endowments in India,allocator,brief,P2,needed,Ship only when ≥5 child pages exist
3,geo-hub,geo/india/insurers,Insurers in India,allocator,brief,P2,needed,Ship only when ≥5 child pages exist
3,geo-hub,geo/malaysia/sovereign-wealth-funds,Sovereign Wealth Funds in Malaysia,allocator,brief,P2,needed,Ship only when ≥5 child pages exist
3,geo-hub,geo/malaysia/public-pensions,Public Pensions in Malaysia,allocator,brief,P2,needed,Ship only when ≥5 child pages exist
3,geo-hub,geo/malaysia/family-offices,Family Offices in Malaysia,allocator,brief,P2,needed,Ship only when ≥5 child pages exist
3,geo-hub,geo/malaysia/endowments,Endowments in Malaysia,allocator,brief,P2,needed,Ship only when ≥5 child pages exist
3,geo-hub,geo/malaysia/insurers,Insurers in Malaysia,allocator,brief,P2,needed,Ship only when ≥5 child pages exist
3,geo-hub,geo/indonesia/sovereign-wealth-funds,Sovereign Wealth Funds in Indonesia,allocator,brief,P2,needed,Ship only when ≥5 child pages exist
3,geo-hub,geo/indonesia/public-pensions,Public Pensions in Indonesia,allocator,brief,P2,needed,Ship only when ≥5 child pages exist
3,geo-hub,geo/indonesia/family-offices,Family Offices in Indonesia,allocator,brief,P2,needed,Ship only when ≥5 child pages exist
3,geo-hub,geo/indonesia/endowments,Endowments in Indonesia,allocator,brief,P2,needed,Ship only when ≥5 child pages exist
3,geo-hub,geo/indonesia/insurers,Insurers in Indonesia,allocator,brief,P2,needed,Ship only when ≥5 child pages exist
3,geo-hub,geo/brazil/sovereign-wealth-funds,Sovereign Wealth Funds in Brazil,allocator,brief,P2,needed,Ship only when ≥5 child pages exist
3,geo-hub,geo/brazil/public-pensions,Public Pensions in Brazil,allocator,brief,P2,needed,Ship only when ≥5 child pages exist
3,geo-hub,geo/brazil/family-offices,Family Offices in Brazil,allocator,brief,P2,needed,Ship only when ≥5 child pages exist
3,geo-hub,geo/brazil/endowments,Endowments in Brazil,allocator,brief,P2,needed,Ship only when ≥5 child pages exist
3,geo-hub,geo/brazil/insurers,Insurers in Brazil,allocator,brief,P2,needed,Ship only when ≥5 child pages exist
3,geo-hub,geo/mexico/sovereign-wealth-funds,Sovereign Wealth Funds in Mexico,allocator,brief,P2,needed,Ship only when ≥5 child pages exist
3,geo-hub,geo/mexico/public-pensions,Public Pensions in Mexico,allocator,brief,P2,needed,Ship only when ≥5 child pages exist
3,geo-hub,geo/mexico/family-offices,Family Offices in Mexico,allocator,brief,P2,needed,Ship only when ≥5 child pages exist
3,geo-hub,geo/mexico/endowments,Endowments in Mexico,allocator,brief,P2,needed,Ship only when ≥5 child pages exist
3,geo-hub,geo/mexico/insurers,Insurers in Mexico,allocator,brief,P2,needed,Ship only when ≥5 child pages exist
3,geo-hub,geo/chile/sovereign-wealth-funds,Sovereign Wealth Funds in Chile,allocator,brief,P2,needed,Ship only when ≥5 child pages exist
3,geo-hub,geo/chile/public-pensions,Public Pensions in Chile,allocator,brief,P2,needed,Ship only when ≥5 child pages exist
3,geo-hub,geo/chile/family-offices,Family Offices in Chile,allocator,brief,P2,needed,Ship only when ≥5 child pages exist
3,geo-hub,geo/chile/endowments,Endowments in Chile,allocator,brief,P2,needed,Ship only when ≥5 child pages exist
3,geo-hub,geo/chile/insurers,Insurers in Chile,allocator,brief,P2,needed,Ship only when ≥5 child pages exist
3,geo-hub,geo/south-africa/sovereign-wealth-funds,Sovereign Wealth Funds in South Africa,allocator,brief,P2,needed,Ship only when ≥5 child pages exist
3,geo-hub,geo/south-africa/public-pensions,Public Pensions in South Africa,allocator,brief,P2,needed,Ship only when ≥5 child pages exist
3,geo-hub,geo/south-africa/family-offices,Family Offices in South Africa,allocator,brief,P2,needed,Ship only when ≥5 child pages exist
3,geo-hub,geo/south-africa/endowments,Endowments in South Africa,allocator,brief,P2,needed,Ship only when ≥5 child pages exist
3,geo-hub,geo/south-africa/insurers,Insurers in South Africa,allocator,brief,P2,needed,Ship only when ≥5 child pages exist
3,geo-hub,geo/nigeria/sovereign-wealth-funds,Sovereign Wealth Funds in Nigeria,allocator,brief,P2,needed,Ship only when ≥5 child pages exist
3,geo-hub,geo/nigeria/public-pensions,Public Pensions in Nigeria,allocator,brief,P2,needed,Ship only when ≥5 child pages exist
3,geo-hub,geo/nigeria/family-offices,Family Offices in Nigeria,allocator,brief,P2,needed,Ship only when ≥5 child pages exist
3,geo-hub,geo/nigeria/endowments,Endowments in Nigeria,allocator,brief,P2,needed,Ship only when ≥5 child pages exist
3,geo-hub,geo/nigeria/insurers,Insurers in Nigeria,allocator,brief,P2,needed,Ship only when ≥5 child pages exist
3,geo-hub,geo/kenya/sovereign-wealth-funds,Sovereign Wealth Funds in Kenya,allocator,brief,P2,needed,Ship only when ≥5 child pages exist
3,geo-hub,geo/kenya/public-pensions,Public Pensions in Kenya,allocator,brief,P2,needed,Ship only when ≥5 child pages exist
3,geo-hub,geo/kenya/family-offices,Family Offices in Kenya,allocator,brief,P2,needed,Ship only when ≥5 child pages exist
3,geo-hub,geo/kenya/endowments,Endowments in Kenya,allocator,brief,P2,needed,Ship only when ≥5 child pages exist
3,geo-hub,geo/kenya/insurers,Insurers in Kenya,allocator,brief,P2,needed,Ship only when ≥5 child pages exist
3,geo-hub,geo/egypt/sovereign-wealth-funds,Sovereign Wealth Funds in Egypt,allocator,brief,P2,needed,Ship only when ≥5 child pages exist
3,geo-hub,geo/egypt/public-pensions,Public Pensions in Egypt,allocator,brief,P2,needed,Ship only when ≥5 child pages exist
3,geo-hub,geo/egypt/family-offices,Family Offices in Egypt,allocator,brief,P2,needed,Ship only when ≥5 child pages exist
3,geo-hub,geo/egypt/endowments,Endowments in Egypt,allocator,brief,P2,needed,Ship only when ≥5 child pages exist
3,geo-hub,geo/egypt/insurers,Insurers in Egypt,allocator,brief,P2,needed,Ship only when ≥5 child pages exist
3,geo-hub,geo/turkey/sovereign-wealth-funds,Sovereign Wealth Funds in Turkey,allocator,brief,P2,needed,Ship only when ≥5 child pages exist
3,geo-hub,geo/turkey/public-pensions,Public Pensions in Turkey,allocator,brief,P2,needed,Ship only when ≥5 child pages exist
3,geo-hub,geo/turkey/family-offices,Family Offices in Turkey,allocator,brief,P2,needed,Ship only when ≥5 child pages exist
3,geo-hub,geo/turkey/endowments,Endowments in Turkey,allocator,brief,P2,needed,Ship only when ≥5 child pages exist
3,geo-hub,geo/turkey/insurers,Insurers in Turkey,allocator,brief,P2,needed,Ship only when ≥5 child pages exist
3,geo-hub,geo/israel/sovereign-wealth-funds,Sovereign Wealth Funds in Israel,allocator,brief,P2,needed,Ship only when ≥5 child pages exist
3,geo-hub,geo/israel/public-pensions,Public Pensions in Israel,allocator,brief,P2,needed,Ship only when ≥5 child pages exist
3,geo-hub,geo/israel/family-offices,Family Offices in Israel,allocator,brief,P2,needed,Ship only when ≥5 child pages exist
3,geo-hub,geo/israel/endowments,Endowments in Israel,allocator,brief,P2,needed,Ship only when ≥5 child pages exist
3,geo-hub,geo/israel/insurers,Insurers in Israel,allocator,brief,P2,needed,Ship only when ≥5 child pages exist
3,geo-hub,geo/poland/sovereign-wealth-funds,Sovereign Wealth Funds in Poland,allocator,brief,P2,needed,Ship only when ≥5 child pages exist
3,geo-hub,geo/poland/public-pensions,Public Pensions in Poland,allocator,brief,P2,needed,Ship only when ≥5 child pages exist
3,geo-hub,geo/poland/family-offices,Family Offices in Poland,allocator,brief,P2,needed,Ship only when ≥5 child pages exist
3,geo-hub,geo/poland/endowments,Endowments in Poland,allocator,brief,P2,needed,Ship only when ≥5 child pages exist
3,geo-hub,geo/poland/insurers,Insurers in Poland,allocator,brief,P2,needed,Ship only when ≥5 child pages exist
3,geo-hub,geo/finland/sovereign-wealth-funds,Sovereign Wealth Funds in Finland,allocator,brief,P2,needed,Ship only when ≥5 child pages exist
3,geo-hub,geo/finland/public-pensions,Public Pensions in Finland,allocator,brief,P2,needed,Ship only when ≥5 child pages exist
3,geo-hub,geo/finland/family-offices,Family Offices in Finland,allocator,brief,P2,needed,Ship only when ≥5 child pages exist
3,geo-hub,geo/finland/endowments,Endowments in Finland,allocator,brief,P2,needed,Ship only when ≥5 child pages exist
3,geo-hub,geo/finland/insurers,Insurers in Finland,allocator,brief,P2,needed,Ship only when ≥5 child pages exist
3,geo-hub,geo/luxembourg/sovereign-wealth-funds,Sovereign Wealth Funds in Luxembourg,allocator,brief,P2,needed,Ship only when ≥5 child pages exist
3,geo-hub,geo/luxembourg/public-pensions,Public Pensions in Luxembourg,allocator,brief,P2,needed,Ship only when ≥5 child pages exist
3,geo-hub,geo/luxembourg/family-offices,Family Offices in Luxembourg,allocator,brief,P2,needed,Ship only when ≥5 child pages exist
3,geo-hub,geo/luxembourg/endowments,Endowments in Luxembourg,allocator,brief,P2,needed,Ship only when ≥5 child pages exist
3,geo-hub,geo/luxembourg/insurers,Insurers in Luxembourg,allocator,brief,P2,needed,Ship only when ≥5 child pages exist
3,geo-hub,geo/belgium/sovereign-wealth-funds,Sovereign Wealth Funds in Belgium,allocator,brief,P2,needed,Ship only when ≥5 child pages exist
3,geo-hub,geo/belgium/public-pensions,Public Pensions in Belgium,allocator,brief,P2,needed,Ship only when ≥5 child pages exist
3,geo-hub,geo/belgium/family-offices,Family Offices in Belgium,allocator,brief,P2,needed,Ship only when ≥5 child pages exist
3,geo-hub,geo/belgium/endowments,Endowments in Belgium,allocator,brief,P2,needed,Ship only when ≥5 child pages exist
3,geo-hub,geo/belgium/insurers,Insurers in Belgium,allocator,brief,P2,needed,Ship only when ≥5 child pages exist
3,theme,themes/private-credit/sovereign-wealth-funds,Private Credit for sovereign wealth funds,allocator,brief,P2,needed,"Requires a UAO judgment, not a Wikipedia rewrite"
3,theme,themes/private-credit/public-pensions,Private Credit for public pensions,allocator,brief,P2,needed,"Requires a UAO judgment, not a Wikipedia rewrite"
3,theme,themes/private-credit/family-offices,Private Credit for family offices,allocator,brief,P2,needed,"Requires a UAO judgment, not a Wikipedia rewrite"
3,theme,themes/private-credit/endowments,Private Credit for endowments,allocator,brief,P2,needed,"Requires a UAO judgment, not a Wikipedia rewrite"
3,theme,themes/private-credit/insurers,Private Credit for insurers,allocator,brief,P2,needed,"Requires a UAO judgment, not a Wikipedia rewrite"
3,theme,themes/infrastructure/sovereign-wealth-funds,Infrastructure for sovereign wealth funds,allocator,brief,P2,needed,"Requires a UAO judgment, not a Wikipedia rewrite"
3,theme,themes/infrastructure/public-pensions,Infrastructure for public pensions,allocator,brief,P2,needed,"Requires a UAO judgment, not a Wikipedia rewrite"
3,theme,themes/infrastructure/family-offices,Infrastructure for family offices,allocator,brief,P2,needed,"Requires a UAO judgment, not a Wikipedia rewrite"
3,theme,themes/infrastructure/endowments,Infrastructure for endowments,allocator,brief,P2,needed,"Requires a UAO judgment, not a Wikipedia rewrite"
3,theme,themes/infrastructure/insurers,Infrastructure for insurers,allocator,brief,P2,needed,"Requires a UAO judgment, not a Wikipedia rewrite"
3,theme,themes/ai-infrastructure/sovereign-wealth-funds,Ai Infrastructure for sovereign wealth funds,allocator,brief,P2,needed,"Requires a UAO judgment, not a Wikipedia rewrite"
3,theme,themes/ai-infrastructure/public-pensions,Ai Infrastructure for public pensions,allocator,brief,P2,needed,"Requires a UAO judgment, not a Wikipedia rewrite"
3,theme,themes/ai-infrastructure/family-offices,Ai Infrastructure for family offices,allocator,brief,P2,needed,"Requires a UAO judgment, not a Wikipedia rewrite"
3,theme,themes/ai-infrastructure/endowments,Ai Infrastructure for endowments,allocator,brief,P2,needed,"Requires a UAO judgment, not a Wikipedia rewrite"
3,theme,themes/ai-infrastructure/insurers,Ai Infrastructure for insurers,allocator,brief,P2,needed,"Requires a UAO judgment, not a Wikipedia rewrite"
3,theme,themes/energy-transition/sovereign-wealth-funds,Energy Transition for sovereign wealth funds,allocator,brief,P2,needed,"Requires a UAO judgment, not a Wikipedia rewrite"
3,theme,themes/energy-transition/public-pensions,Energy Transition for public pensions,allocator,brief,P2,needed,"Requires a UAO judgment, not a Wikipedia rewrite"
3,theme,themes/energy-transition/family-offices,Energy Transition for family offices,allocator,brief,P2,needed,"Requires a UAO judgment, not a Wikipedia rewrite"
3,theme,themes/energy-transition/endowments,Energy Transition for endowments,allocator,brief,P2,needed,"Requires a UAO judgment, not a Wikipedia rewrite"
3,theme,themes/energy-transition/insurers,Energy Transition for insurers,allocator,brief,P2,needed,"Requires a UAO judgment, not a Wikipedia rewrite"
3,theme,themes/stewardship/sovereign-wealth-funds,Stewardship for sovereign wealth funds,allocator,brief,P2,needed,"Requires a UAO judgment, not a Wikipedia rewrite"
3,theme,themes/stewardship/public-pensions,Stewardship for public pensions,allocator,brief,P2,needed,"Requires a UAO judgment, not a Wikipedia rewrite"
3,theme,themes/stewardship/family-offices,Stewardship for family offices,allocator,brief,P2,needed,"Requires a UAO judgment, not a Wikipedia rewrite"
3,theme,themes/stewardship/endowments,Stewardship for endowments,allocator,brief,P2,needed,"Requires a UAO judgment, not a Wikipedia rewrite"
3,theme,themes/stewardship/insurers,Stewardship for insurers,allocator,brief,P2,needed,"Requires a UAO judgment, not a Wikipedia rewrite"
3,theme,themes/demographics/sovereign-wealth-funds,Demographics for sovereign wealth funds,allocator,brief,P2,needed,"Requires a UAO judgment, not a Wikipedia rewrite"
3,theme,themes/demographics/public-pensions,Demographics for public pensions,allocator,brief,P2,needed,"Requires a UAO judgment, not a Wikipedia rewrite"
3,theme,themes/demographics/family-offices,Demographics for family offices,allocator,brief,P2,needed,"Requires a UAO judgment, not a Wikipedia rewrite"
3,theme,themes/demographics/endowments,Demographics for endowments,allocator,brief,P2,needed,"Requires a UAO judgment, not a Wikipedia rewrite"
3,theme,themes/demographics/insurers,Demographics for insurers,allocator,brief,P2,needed,"Requires a UAO judgment, not a Wikipedia rewrite"
3,theme,themes/geopolitics/sovereign-wealth-funds,Geopolitics for sovereign wealth funds,allocator,brief,P2,needed,"Requires a UAO judgment, not a Wikipedia rewrite"
3,theme,themes/geopolitics/public-pensions,Geopolitics for public pensions,allocator,brief,P2,needed,"Requires a UAO judgment, not a Wikipedia rewrite"
3,theme,themes/geopolitics/family-offices,Geopolitics for family offices,allocator,brief,P2,needed,"Requires a UAO judgment, not a Wikipedia rewrite"
3,theme,themes/geopolitics/endowments,Geopolitics for endowments,allocator,brief,P2,needed,"Requires a UAO judgment, not a Wikipedia rewrite"
3,theme,themes/geopolitics/insurers,Geopolitics for insurers,allocator,brief,P2,needed,"Requires a UAO judgment, not a Wikipedia rewrite"
3,theme,themes/secondaries/sovereign-wealth-funds,Secondaries for sovereign wealth funds,allocator,brief,P2,needed,"Requires a UAO judgment, not a Wikipedia rewrite"
3,theme,themes/secondaries/public-pensions,Secondaries for public pensions,allocator,brief,P2,needed,"Requires a UAO judgment, not a Wikipedia rewrite"
3,theme,themes/secondaries/family-offices,Secondaries for family offices,allocator,brief,P2,needed,"Requires a UAO judgment, not a Wikipedia rewrite"
3,theme,themes/secondaries/endowments,Secondaries for endowments,allocator,brief,P2,needed,"Requires a UAO judgment, not a Wikipedia rewrite"
3,theme,themes/secondaries/insurers,Secondaries for insurers,allocator,brief,P2,needed,"Requires a UAO judgment, not a Wikipedia rewrite"
2,directory,directory/consulting-ocio,Consulting Ocio,both,advertiser-call,P1,needed,Hub first; firms only with three sourced facts
2,directory,directory/executive-search,Executive Search,both,advertiser-call,P1,needed,Hub first; firms only with three sourced facts
2,directory,directory/custody-administration,Custody Administration,both,advertiser-call,P1,needed,Hub first; firms only with three sourced facts
2,directory,directory/data-and-index,Data And Index,both,advertiser-call,P1,needed,Hub first; firms only with three sourced facts
2,directory,directory/cybersecurity,Cybersecurity,both,advertiser-call,P1,needed,Hub first; firms only with three sourced facts
2,directory,directory/placement-agents,Placement Agents,both,advertiser-call,P1,needed,Hub first; firms only with three sourced facts
2,careers,careers/intelligence/cio-compensation-public-plans,CIO compensation in public plans (sourced),both,careers-alert,P1,needed,
2,careers,careers/intelligence/first-year-inside-a-family-office,First year inside a family office,both,careers-alert,P1,needed,
2,careers,careers/intelligence/leaving-a-sovereign-fund,Leaving a sovereign fund,both,careers-alert,P1,needed,
2,careers,careers/intelligence/dual-career-moves-gulf,Dual-career moves to the Gulf,both,careers-alert,P1,needed,
2,careers,careers/intelligence/boarding-an-investment-committee,Joining an investment committee,both,careers-alert,P1,needed,
2,careers,careers/intelligence/internal-vs-external-cio-office,Building vs renting a CIO office,both,careers-alert,P1,needed,
2,careers,careers/intelligence/why-london-satellites-fail,Why London satellites fail,both,careers-alert,P1,needed,
2,careers,careers/intelligence/onboarding-a-deputy-cio,Onboarding a deputy CIO,both,careers-alert,P1,needed,
2,careers,careers/intelligence/succession-inside-a-public-plan,Succession inside a public plan,both,careers-alert,P1,needed,
27,explainer,southeast-asia-sovereign-wealth-funds,Southeast Asian sovereign wealth funds,allocator,brief,P1,refresh-drafted,Wave 27 overwrite. Live $1T / GIC $870bn / SIC $47bn. Official GIC no AUM; INA IDR 146.2T. Do not mint /indonesia-investment-authority/ or /vietnam-scic/
27,explainer,norway-model-vs-canada-model,Norway model vs Canada model,allocator,brief,P1,refresh-drafted,Wave 27 overwrite. Live GPFG $1.3T / CPP $475bn / OTPP $233bn. Official kroner + C$
27,explainer,singapore-investment-landscape-gic-temasek-mas,Singapore GIC Temasek MAS landscape,allocator,brief,P1,refresh-drafted,Wave 27 overwrite. Live GIC $810bn / MAS $1.08T. Official GIC no AUM; MAS OFR S$549.3bn end-Jul 2026
27,explainer,types-of-sovereign-wealth-funds,Types of sovereign wealth funds,allocator,brief,P1,refresh-drafted,Wave 27 overwrite. Live tracker dollars on every type. Official: quote filing or no AUM
27,explainer,sovereign-wealth-fund-vs-pension-fund,SWF vs pension fund,allocator,brief,P1,refresh-drafted,Wave 27 overwrite. Live GPFG more than $2T. Official 22683bn kroner. GPIF is the pension
28,explainer,sovereign-wealth-fund-vs-central-bank-reserves,SWF vs central bank reserves,allocator,brief,P1,refresh-drafted,Wave 28 overwrite. Live $15T / invented ADSWF. Official kroner; no ADSWF. Do not mint /limad-explained/
28,explainer,how-gulf-funds-are-reshaping-private-markets,Gulf funds private markets,allocator,brief,P1,refresh-drafted,Wave 28 overwrite. Live $200bn / PIF-KKR $40bn / ADQ $145bn. 301 /gulf-funds-private-markets/
28,explainer,sovereign-wealth-funds-by-country,SWFs by country,allocator,brief,P1,refresh-drafted,Wave 28 overwrite. Live $10.7T / Emirati SGRF $15bn. SGRF is Oman leftover
28,explainer,largest-sovereign-wealth-funds-by-private-markets-allocation,SWFs by private markets allocation,allocator,brief,P1,refresh-drafted,Wave 28 overwrite. Live $1.7T / $1.1T Singapore stack. 301 short twin
28,explainer,endowment-model-vs-canada-model,Endowment model vs Canada model,allocator,brief,P1,refresh-drafted,Wave 28 overwrite. Live Harvard $50.9bn. Official $56.9bn. Do not mint /harvard-endowment-explained/
29,explainer,what-is-a-reserve-fund,What is a reserve fund,allocator,brief,P1,refresh-drafted,Wave 29 overwrite. Live GPFG $1.4T. Official kroner + MAS OFR. 301 /reserve-fund-sovereign/. Do not mint /reserve-funds-vs-sovereign-wealth-funds/
29,explainer,state-holding-company-vs-swf,State holding company vs SWF,allocator,brief,P1,refresh-drafted,Wave 29 overwrite. Live SASAC $2.3T / Temasek $421bn. Official Temasek S$518bn. Refuse SASAC/IFSWF piles
29,explainer,norway-oil-fund-governance-model-explained,Norway oil fund governance,allocator,brief,P1,refresh-drafted,Wave 29 overwrite. Live $1.43T sleeves. Official 22683bn kroner. Do not 301 onto /norges-bank-investment-management-nbim/
29,explainer,family-office-vs-institutional-investor,Family office vs institutional investor,allocator,brief,P1,refresh-drafted,Wave 29 overwrite. Live CalPERS $469bn / Berkshire FO $1.1T. Official $637.1bn. Do not 301 onto FO-vs-SWF
29,explainer,middle-east-family-offices,Middle East family offices,allocator,brief,P1,refresh-drafted,Wave 29 overwrite. Live $2–2.5T. Official no FO AUM. 301 /middle-east-family-offices-investment/. Do not mint /royal-family-investment-offices/
30,explainer,swf-transparency-rankings,SWF transparency rankings,allocator,brief,P1,refresh-drafted,Wave 30 overwrite. Live $1.46T / GIC $760bn / homemade scores. 301 index + ranking twins
30,explainer,stabilization-fund-vs-savings-fund-vs-strategic-fund,Stabilization vs savings vs strategic,allocator,brief,P1,refresh-drafted,Wave 30 overwrite. Live $1.376T / ISIF €20bn. Official two ISIF books. Do not mint British 404
30,explainer,sovereign-wealth-funds-global-economy,SWFs in the global economy,allocator,brief,P1,refresh-drafted,Wave 30 overwrite. Live $10.7T pile. 301 role twin. No official combined SWF AUM
30,explainer,what-does-aum-mean,What AUM means,allocator,brief,P1,refresh-drafted,Wave 30 overwrite. Live $147T / GPFG $1.76T. Refuse $147T. Do not 301 onto how-AUM-is-estimated
30,explainer,sovereign-wealth-fund-returns-2025,SWF returns 2025,allocator,brief,P1,refresh-drafted,Wave 30 overwrite. Live GIC $990bn. Official 3.4% real no AUM. Do not mint /sovereign-wealth-fund-returns/
31,explainer,largest-public-pension-funds-by-country,Largest public pensions by country,allocator,brief,P1,refresh-drafted,Wave 31 overwrite. Live $7T / GPIF $1.3T. Official yen. 301 /largest-pension-funds-by-country/. Do not 301 onto world list
31,explainer,largest-us-public-pension-funds,Largest US public pensions,allocator,brief,P1,refresh-drafted,Wave 31 overwrite. Live CalPERS $469bn / CalSTRS $315bn. Official $637.1bn / $415.4bn. Do not mint /florida-sba/
31,explainer,sovereign-wealth-fund-capital-by-city,SWF capital by city,allocator,brief,P1,refresh-drafted,Wave 31 overwrite. Live GIC+Temasek $1.4T / ADIA $950bn. Official no combined city AUM
31,explainer,largest-asset-owners-by-region,Largest asset owners by region,allocator,brief,P1,refresh-drafted,Wave 31 overwrite. Live $75T / $70T / $45T. Do not 301 onto world list
31,explainer,pension-fund-returns-2025,Pension fund returns 2025,allocator,brief,P1,refresh-drafted,Wave 31 overwrite. Live CalPERS 5.2% / $514bn. Official 14.8% / $637.1bn. 301 comparison twin
32,explainer,teacher-pension-funds-usa,US teacher pensions,allocator,brief,P1,refresh-drafted,Wave 32 overwrite. Live CalSTRS $315bn / $2T. Official $415.4bn. 301 /teacher-pension-funds-usa-largest/. Do not mint /texas-trs/
32,explainer,public-pension-funded-status-2026,Public pension funded status 2026,allocator,brief,P1,refresh-drafted,Wave 32 overwrite. Live CalPERS $543bn / 83%. Official $637.1bn / 85%. Refuse PPD $4.2T / TIAA-as-public-pension
32,explainer,otpp-vs-cpp-investments-vs-omers,OTPP vs CPP vs OMERS,allocator,brief,P1,refresh-drafted,Wave 32 overwrite. Live $227bn / $613bn / $252bn. Official C$303.2bn / C$793.3bn / $145.2bn. Do not overwrite OMERS. Do not 301 onto Canadian giants
32,explainer,pension-fund-vs-endowment-vs-foundation,Pension vs endowment vs foundation,allocator,brief,P1,refresh-drafted,Wave 32 overwrite. Live Harvard $50.7bn / CalPERS $440bn. Official $56.9bn / $637.1bn. Do not mint /harvard-endowment-explained/
32,explainer,how-we-rank-asset-owners-methodology,How we rank asset owners,allocator,brief,P1,refresh-drafted,Wave 32 overwrite. Live GPFG $1.07T / CalPERS $460bn. Official kroner. 301 methodology twin. Do not 301 onto world list
33,explainer,canada-pension-system-explained,Canada pension system,allocator,brief,P1,refresh-drafted,Wave 33 overwrite. Live CPP $531.3bn / $1.2T. Official C$793.3bn. Do not 301 onto Canadian giants
33,explainer,corporate-pension-funds-explained,Corporate pension funds,allocator,brief,P1,refresh-drafted,Wave 33 overwrite. Live CalPERS $469bn as corporate. Official public $637.1bn. Refuse $9T DC pile
33,explainer,endowment-model-vs-total-portfolio,Endowment vs total portfolio,allocator,brief,P1,refresh-drafted,Wave 33 overwrite. Live GPFG $1.38T. Official kroner. 301 approach twin. Do not 301 onto TPA define
33,explainer,in-house-vs-external-management-pensions,In-house vs external pensions,allocator,brief,P1,refresh-drafted,Wave 33 overwrite. Live CPP $616bn / CalPERS $465bn. Official C$793.3bn / $637.1bn. 301 for-pensions twin
33,explainer,latin-american-pension-funds,Latin American pensions,allocator,brief,P1,refresh-drafted,Wave 33 overwrite. Live $2.7T pile. No official combined AUM. 301 overview twin
34,explainer,uk-pension-funds-overview,UK pensions overview,allocator,brief,P1,refresh-drafted,Wave 34 overwrite. Live £2.8T / USS £88.2bn. Official USS DB £79.8bn / DC £4.2bn. Do not 301 onto USS
34,explainer,asset-liability-management-pension,Pension ALM,allocator,brief,P1,refresh-drafted,Wave 34 overwrite. Live GPIF $2.1T / CalSTRS $339bn / GPFG $1.32T. Official yen / $415.4bn / kroner. Do not 301 onto LDI
34,explainer,endowment-vs-foundation-investing,Endowment vs foundation,allocator,brief,P1,refresh-drafted,Wave 34 overwrite. Live Yale $41.4bn / Princeton $35.9bn. Official $44.1bn / $36.4bn / Harvard $56.9bn. Do not 301 onto three-form page
34,explainer,netherlands-pension-system-abp-pfzw,Dutch pensions ABP PFZW,allocator,brief,P1,refresh-drafted,Wave 34 overwrite. Live ABP €550bn+ / PFZW €200bn+. Official ABP €530bn / PFZW €252036m. 301 explained twin. Do not overwrite ABP or PFZW institution
34,explainer,uk-lgps-pooling-megafunds,UK LGPS pooling,allocator,brief,P1,refresh-drafted,Wave 34 overwrite. Live £350bn / £100bn megafunds / Kent £20bn. No official combined LGPS AUM. Do not 301 onto UK overview
35,institution,abp-netherlands-pension-fund-explained,ABP,allocator,brief,P1,refresh-drafted,Wave 35 overwrite. Live €532bn / €543bn / 2.8m. Official €530bn at 31 Mar 2026 / YE2025 €533.134bn / 3,201,054 participants. Do not 301 onto Dutch system
35,explainer,nordic-pension-model-explained,Nordic pension model,allocator,brief,P1,refresh-drafted,Wave 35 overwrite. Live ATP DKK 435bn / GPFG $1.4T. Official ATP DKK 694bn / GPFG kroner. 301 /atp-denmark-pension/. Do not 301 onto ATP or NBIM
35,explainer,canadian-pension-model,Canadian pension model,allocator,brief,P1,refresh-drafted,Wave 35 overwrite. Twin invents CPP $680bn / $1.5T Maple pile. Official CPP C$793.3bn. 301 /canadian-model-pension-investing/. Do not 301 onto Canadian giants
35,explainer,how-pension-funds-invest-in-private-markets,Pension private markets,allocator,brief,P1,refresh-drafted,Wave 35 overwrite. Live 11.5% PE / CPP C$700bn / NBIM $2T. Official house AUM / kroner. Do not 301 onto in-house
35,explainer,funded-status-pension-plan,Pension funded status,allocator,brief,P1,refresh-drafted,Wave 35 overwrite. Live CalPERS $600bn / well below 100% / Milliman 109%. Official $637.1bn / 85%. Do not 301 onto public-2026
36,explainer,local-pensions-partnership-explained,LPPI / LPP,allocator,brief,P1,refresh-drafted,Wave 36 overwrite. Live £26.5bn / 600k. Official ~£60bn at 30 Jun 2026 / nine funds. Do not 301 onto LGPS pooling or UK overview
36,explainer,pension-fund-de-risking-strategy,Pension de-risking,allocator,brief,P1,refresh-drafted,Wave 36 overwrite. Live PFZW €200bn / CDPQ €384bn / BT £60bn. Official PFZW €252036m / CDPQ CAD $517.3bn. Do not 301 onto LDI
36,explainer,longevity-risk-pension-funds,Longevity risk,allocator,brief,P1,refresh-drafted,Wave 36 overwrite. Live CalPERS $469bn / USS £78bn / TRS $307bn / GPIF $1.7T. Official $637.1bn / £79.8bn DB / $225.3bn / yen. Do not mint /texas-trs/
36,explainer,pension-fund-governance-best-practices,Pension governance,allocator,brief,P1,refresh-drafted,Wave 36 overwrite. Live CPP $496bn / CalPERS $470bn / GPIF $1.4T / ADIA $172bn. Official C$793.3bn / $637.1bn / yen / no ADIA AUM. Do not 301 onto Canadian model
36,explainer,discount-rate-pension-liabilities,Pension discount rate,allocator,brief,P1,refresh-drafted,Wave 36 overwrite. Live Milliman 5.3-5.5% / 109%. Official CalPERS $637.1bn / 85%. Do not 301 onto funded-status or LDI
37,explainer,interest-rate-risk-pension-funds,Pension interest-rate risk,allocator,brief,P1,refresh-drafted,Wave 37 overwrite. Live CalPERS $475bn / NYSCRF $240bn / GPIF $1.3T. Official $637.1bn / $295.4bn / yen. Do not overwrite NYSCRF. Do not mint /strs-ohio-explained/
37,explainer,net-zero-investment-commitments,Net-zero investment commitments,allocator,brief,P1,refresh-drafted,Wave 37 overwrite. Live $130T / GPFG $1.43T / CalPERS $469bn / CPP $625bn. Official kroner / $637.1bn / C$793.3bn. Do not 301 onto pension net-zero keeper
37,explainer,net-zero-targets-for-pension-funds,Pension net-zero targets,allocator,brief,P1,refresh-drafted,Wave 37 overwrite. Live $40T / CalPERS $440bn / PFZW €200bn / 18m. Official $637.1bn / €252036m / 3037700. Do not 301 onto commitments or PFZW
37,explainer,private-credit-market-size,Private credit market size,allocator,brief,P1,refresh-drafted,Wave 37 overwrite. Live $1.7-3.5T. Twin invents CalPERS $440bn / CPP $480bn / ABP €450bn. Official house AUM. 301 what-is twin. Do not 301 onto what-is-private-credit
37,explainer,defined-benefit-vs-defined-contribution,DB vs DC,allocator,brief,P1,refresh-drafted,Wave 37 overwrite. Live IRS 2025 $70k / $23500. Official 2026 415(c) $72k / 402(g) $24500. Do not 301 onto PRT or funded-status
38,explainer,pension-fund-private-credit-allocation-trends,Pension private-credit allocation,allocator,brief,P1,refresh-drafted,Wave 38 overwrite. Live CalPERS $440bn / $30bn / CPP CAD $621bn / LGPS £400bn / 5-12%. Official $637.1bn / C$793.3bn. Do not 301 onto market-size or Wave 35 private-markets
38,explainer,private-equity-vs-private-credit-vs-infrastructure,PE vs credit vs infra,allocator,brief,P1,refresh-drafted,Wave 38 overwrite. Live CalPERS $503bn / GPFG $1.4T / Oaktree $164bn / LSTA $500bn. Official $637.1bn / kroner / Yale $44.1bn. Do not 301 onto what-is-private-credit
38,explainer,climate-transition-risk-for-universal-owners,Climate transition risk,allocator,brief,P1,refresh-drafted,Wave 38 overwrite. Live $100T / CalPERS $440bn / GPFG $1.4T. Twin invents $50T / $2.5T / PSP $230bn. Official $637.1bn / kroner / C$320.6bn. 301 short twin. Do not 301 onto net-zero
38,explainer,what-is-a-bulk-annuity,Bulk annuity,allocator,brief,P1,refresh-drafted,Wave 38 overwrite. Live LCP £40-55bn / WTW £70bn / £1T remaining. Official USS DB £79.8bn. Do not 301 onto PRT
38,explainer,pension-risk-transfer-buyout,Pension risk transfer,allocator,brief,P1,refresh-drafted,Wave 38 overwrite. Live survey 94% / 80% / hundreds of billions. Official CalPERS $637.1bn / USS DB £79.8bn / PFZW €252036m. Do not 301 onto bulk-annuity or LDI
39,explainer,what-is-private-credit,What is private credit,allocator,brief,P1,refresh-drafted,Wave 39 overwrite. Live leftover $1.5-5T. Official house AUM only. Do not 301 onto market-size or Wave 38 allocation/PE-vs-credit
39,explainer,private-credit-direct-lending,Private credit direct lending,allocator,brief,P1,refresh-drafted,Wave 39 overwrite. Live CalPERS $477.9bn / CPP $618.3bn / GPFG $1.417T / GIC $915bn / ADIA $164bn. Official $637.1bn / C$793.3bn / kroner / no GIC or ADIA AUM. 301 what-is twin
39,explainer,private-credit-strategies-types,Private credit strategies,allocator,brief,P1,refresh-drafted,Wave 39 overwrite. Live $1.8-2.0T / Yale $51.2bn / GIC $858bn / NBIM $383bn. Official Yale $44.1bn / no GIC AUM / kroner. Do not 301 onto define or market-size
39,explainer,direct-lending-vs-syndicated-loans,Direct lending vs syndicated loans,allocator,brief,P1,refresh-drafted,Wave 39 overwrite. Live Ares $360bn / LSTA $1.3T / CPP $618bn. Twin invents CalPERS $440bn / LSTA $1.2T. Official $637.1bn / C$793.3bn. 301 BSL twin
39,explainer,secondaries-market-size-2026,Secondaries market size 2026,allocator,brief,P1,refresh-drafted,Wave 39 overwrite. Live $150-180bn / Temasek $1.13T / PIF $925bn. Official Temasek S$518bn / PIF more than US$900bn. Do not mint 2027 twin. Do not 301 onto continuation
40,explainer,secondaries-continuation-fund,Secondaries continuation fund,allocator,brief,P1,refresh-drafted,Wave 40 overwrite. Live CalPERS $468bn / Yale $41.4bn / USS $70bn / PFZW €35bn. Twin invents CPP CAD $450bn / GPIF $1.1T. Official $637.1bn / $44.1bn / C$793.3bn / yen / £79.8bn DB / €252036m. 301 what-is twin
40,explainer,private-equity-secondaries-explained,PE secondaries,allocator,brief,P1,refresh-drafted,Wave 40 overwrite. Live leftover $225-240bn / $327bn / $477bn. Official house AUM only. Do not 301 onto continuation or secondaries-2026
40,explainer,gp-led-secondaries-explained,GP-led secondaries,allocator,brief,P1,refresh-drafted,Wave 40 overwrite. Live leftover $45bn / 40% / CPP 4-5%. Official $637.1bn / C$793.3bn. Do not 301 onto continuation
40,explainer,what-is-an-ocio,What is an OCIO,allocator,brief,P1,refresh-drafted,Wave 40 overwrite. Live leftover $2.5T / $5.8T / Russell $355bn. Official house AUM only. Do not 301 onto LDI
40,explainer,single-vs-multi-family-office,Single vs multi-family office,allocator,brief,P1,refresh-drafted,Wave 40 overwrite. Live leftover $5.2T MFO. No official FO AUM. Do not 301 onto FO define. Do not mint /family-office/
41,explainer,sovereign-wealth-fund-co-investment-models,SWF co-investment models,allocator,brief,P1,refresh-drafted,Wave 41 overwrite. Live leftover CPP $460bn / GPFG $1.4T / Temasek $439bn / ADIA $172.5bn / CalPERS $494bn / GIC $849bn. Official C$793.3bn / kroner / S$518bn / no ADIA or GIC AUM / $637.1bn. Do not 301 onto co-invest vs direct
41,explainer,what-is-a-gp-stake-gp-stakes-investing,GP stakes,allocator,brief,P1,refresh-drafted,Wave 41 overwrite. Live leftover CalPERS $440bn / OTPP $241bn / CPP $625bn / Yale $41.4bn / USS $75bn. Twin invents Texas TRS $370bn / GPFG $1.3T. Official $637.1bn / C$303.2bn / C$793.3bn / $44.1bn / £79.8bn DB / $225.3bn / kroner. 301 short twin. Do not mint /texas-trs/
41,explainer,what-is-semi-liquid-evergreen-fund-structure,Semi-liquid evergreen funds,allocator,brief,P1,refresh-drafted,Wave 41 overwrite. Live leftover CalPERS $443bn / Harvard $50.9bn / Temasek $403bn / CIC $1.45T. Official $637.1bn / $56.9bn / S$518bn / US$1.57T. Do not mint /evergreen-funds-explained/
41,explainer,gulf-sovereign-wealth-funds-and-data-centers,Gulf SWFs and data centers,allocator,brief,P1,refresh-drafted,Wave 41 overwrite. Live leftover PIF $925bn / ADQ $167bn / KIA $716bn / GPFG $1.3T. Official more than US$900bn / AED 921741m / no KIA AUM / kroner. Do not 301 onto gulf AI or gulf cluster
41,explainer,public-vs-private-equity-returns,Public vs private equity returns,allocator,brief,P1,refresh-drafted,Wave 41 overwrite. Live leftover CalPERS $490.7bn / Stanford $36.3bn / Yale $41.4bn / $4.1T $970bn. Official $637.1bn / $40.8bn endowment / $44.1bn. Do not 301 onto PE-vs-credit. Do not mint /harvard-endowment-explained/
42,explainer,gulf-sovereign-wealth-funds-and-ai-investment,Gulf SWFs and AI investment,allocator,brief,P1,refresh-drafted,Wave 42 overwrite. Live leftover ADIA $163bn / PIF $925bn / QIA $450bn / leftover OMFIF $2.7T. Official no ADIA or QIA AUM / PIF more than US$900bn. Do not 301 onto Gulf data-centers or gulf cluster
42,explainer,ai-infrastructure-as-an-asset-class,AI infrastructure as an asset class,allocator,brief,P1,refresh-drafted,Wave 42 overwrite. Live leftover CalPERS $500bn+ / CPP $650bn / GPFG $1.3T / leftover $50bn+. Official $637.1bn / C$793.3bn / kroner. Do not 301 onto /infrastructure-as-an-asset-class/ or Gulf data-centers
42,explainer,what-is-co-investment-in-private-equity,What is PE co-investment,allocator,brief,P1,refresh-drafted,Wave 42 overwrite. Live leftover CalPERS $469bn / CalSTRS $340bn / leftover OTPP CAD $46bn. Official $637.1bn / $415.4bn / C$303.2bn. Do not 301 onto SWF co-invest or /co-investment-vs-direct-investment/
42,explainer,what-is-infrastructure-equity-vs-infrastructure-debt,Infrastructure equity vs debt,allocator,brief,P1,refresh-drafted,Wave 42 overwrite. Live leftover CalPERS USD $496bn / OTPP CAD $240bn / OMERS CAD $62bn / leftover Temasek/GIC USD $500+bn. Twin invents leftover CalPERS $511bn / leftover Temasek $403bn. 301 short twin. Do not 301 onto /infrastructure-as-an-asset-class/ or PE-vs-credit-vs-infra
42,explainer,direct-investing-vs-fund-investing-for-asset-owners,Direct vs fund investing,allocator,brief,P1,refresh-drafted,Wave 42 overwrite. Live leftover CPP $623bn / Texas TRS $195bn / Alaska $84bn / leftover Ohio STRS $90bn / leftover GPFG $1.3T. Official C$793.3bn / $225.3bn / $91346500000 unaudited at 30 Jun 2026 / kroner. Do not mint /strs-ohio-explained/ or /texas-trs/. Do not overwrite Alaska (Wave 12)
43,explainer,private-equity-returns-10-year,10-year PE returns,allocator,brief,P1,refresh-drafted,Wave 43 overwrite. Live leftover CalPERS $450bn / leftover OTPP $215bn / leftover Cambridge $2.8T. Official $637.1bn / C$303.2bn. Do not 301 onto public-vs-PE
43,explainer,private-equity-vs-hedge-funds,PE vs hedge funds,allocator,brief,P1,refresh-drafted,Wave 43 overwrite. Live leftover CalPERS $441bn / leftover Apollo $625bn / leftover EQT $300bn. Official $637.1bn. Do not mint /pe-vs-hedge-funds/. Do not 301 onto public-vs-PE or PE-vs-credit
43,explainer,active-vs-passive-for-universal-owners,Active vs passive for universal owners,allocator,brief,P1,refresh-drafted,Wave 43 overwrite. Live leftover CalPERS $440bn / leftover GPFG $1.3T / leftover $12T passive. Official $637.1bn / kroner. Do not mint /active-vs-passive/. Do not 301 onto public-vs-PE
43,explainer,venture-capital-vs-private-equity,VC vs PE,allocator,brief,P1,refresh-drafted,Wave 43 overwrite. Live leftover CalPERS $500bn+ / leftover Yale $41bn / leftover CPP $500bn+. Official $637.1bn / $44.1bn / C$793.3bn. Do not mint /vc-vs-pe/. Do not 301 onto PE-vs-hedge or public-vs-PE
43,explainer,real-assets-vs-private-equity,Real assets vs PE,allocator,brief,P1,refresh-drafted,Wave 43 overwrite. Live leftover CalPERS $441bn / leftover CPP $586bn / leftover GPFG $1.31T / leftover Harvard $50.7bn. Official $637.1bn / C$793.3bn / kroner / $56.9bn. Do not mint /harvard-endowment-explained/. Do not 301 onto PE-vs-credit-vs-infra
44,explainer,ilpa-principles-explained,ILPA principles,allocator,brief,P1,refresh-drafted,Wave 44 overwrite. Live leftover CalPERS $470bn / leftover GPIF $1.4T / leftover GPFG $1.36T. Twin invents leftover CalPERS $440bn / leftover NYSCRF $230bn / leftover $15T. Official $637.1bn / yen / kroner. 301 /ilpa-principles-private-equity/. Do not overwrite NYSCRF
44,explainer,open-ended-vs-closed-ended-funds,Open- vs closed-end funds,allocator,brief,P1,refresh-drafted,Wave 44 overwrite. Live leftover GPFG $1.32T / leftover KIC $163.9bn. Twin invents leftover CPP $238bn / leftover GPFG $1.5T / leftover CalPERS PE $59.1bn. Official kroner / USD 232.0bn / C$793.3bn / $637.1bn. 301 institutional twin. Do not mint /korea-investment-corporation-kic/
44,explainer,dpi-rvpi-tvpi-explained,DPI RVPI TVPI,allocator,brief,P1,refresh-drafted,Wave 44 overwrite. Live leftover CalPERS $440bn / leftover Yale $41.4bn / leftover Princeton $37bn / leftover GPFG $1.35T. Twin invents leftover CPP CAD $616bn. Official $637.1bn / $44.1bn / $36.4bn / kroner / C$793.3bn. 301 longer twin. Do not mint /princeton-endowment/
44,explainer,hedge-funds-institutional-investors,Hedge funds for institutions,allocator,brief,P1,refresh-drafted,Wave 44 overwrite. Live leftover CPP $460bn / leftover Harvard $50.7bn / leftover MIT $24.4bn. Official C$793.3bn / $56.9bn. Do not 301 onto PE-vs-hedge. Do not mint /harvard-endowment-explained/
44,explainer,irr-vs-moic-private-equity,IRR vs MOIC,allocator,brief,P1,refresh-drafted,Wave 44 overwrite. Live leftover CalSTRS $316bn / leftover PPF £37bn / leftover $1.6T private credit. Official $415.4bn. Do not 301 onto DPI or 10-year PE
45,explainer,pme-benchmarking-private-equity,PME benchmarking,allocator,brief,P1,refresh-drafted,Wave 45 overwrite. Live leftover CPP CAD $615bn / leftover Yale $14bn / leftover GPFG $1.3T. Official C$793.3bn / $44.1bn / kroner. Do not mint /pme-explained/. Do not 301 onto DPI or IRR-vs-MOIC
45,explainer,hedge-fund-returns-institutional-2025,Hedge-fund returns 2025,allocator,brief,P1,refresh-drafted,Wave 45 overwrite. Live leftover CalPERS $427bn / leftover OTPP $246bn / leftover GPFG $1.42T / leftover HFRI $4.5T. Official $637.1bn / C$303.2bn / kroner. Do not 301 onto hedge-funds-institutional
45,explainer,clawback-provisions-private-equity,PE clawbacks,allocator,brief,P1,refresh-drafted,Wave 45 overwrite. Live leftover CalPERS $469bn / leftover GPFG $1.3T / leftover NYSCRF $210bn / leftover $50T. Official $637.1bn / kroner. Do not overwrite NYSCRF. Do not 301 onto ILPA
45,explainer,fund-of-funds-private-equity-explained,PE fund-of-funds,allocator,brief,P1,refresh-drafted,Wave 45 overwrite. Live leftover CalPERS $463bn / leftover CPP $620bn / leftover Ohio PERS $46bn. Official $637.1bn / C$793.3bn. Do not mint /strs-ohio-explained/. Do not 301 onto PE secondaries
45,explainer,management-fee-carry-private-equity,PE fees and carry,allocator,brief,P1,refresh-drafted,Wave 45 overwrite. Live leftover CalPERS $440bn / leftover OTPP $245bn / leftover BCI CAD $184bn. Official $637.1bn / C$303.2bn / $313.7bn gross. Do not overwrite BCI. Do not 301 onto DPI
46,explainer,subscription-credit-facilities-private-equity,Subscription credit facilities,allocator,brief,P1,refresh-drafted,Wave 46 overwrite. Live leftover CalPERS $440bn / leftover CPP $500bn / leftover Temasek $690bn / leftover Blackstone Infra $75bn. Official $637.1bn / C$793.3bn / S$518bn. Do not mint /subscription-credit-facilities/. Do not 301 onto NAV-lending or PE fees
46,explainer,vintage-year-diversification-private-equity,Vintage-year diversification,allocator,brief,P1,refresh-drafted,Wave 46 overwrite. Live leftover CalSTRS $315bn / leftover QIA $445bn / leftover Mubadala $284bn. Twin invents leftover CalPERS $500bn / leftover Yale $41bn. Official $415.4bn / no QIA AUM / AED 1.4T / $637.1bn / $44.1bn. 301 /vintage-year-diversification/. Do not overwrite QIA or Mubadala
46,explainer,co-investment-programme-asset-owner,Co-investment programmes,allocator,brief,P1,refresh-drafted,Wave 46 overwrite. Live leftover GPFG $1.3T / leftover CalPERS $500bn / leftover OTPP $240bn / leftover CalSTRS $400bn / leftover Ohio STRS $350bn. Official kroner / $637.1bn / C$303.2bn / $415.4bn. Do not mint /strs-ohio-explained/. Do not 301 onto PE co-invest or SWF co-invest
46,explainer,reit-vs-direct-real-estate,REITs vs direct real estate,allocator,brief,P1,refresh-drafted,Wave 46 overwrite. Live leftover CalPERS $440bn / leftover CPP $613bn / leftover Yale $41.4bn. Twin invents leftover GIC $896bn. Official $637.1bn / C$793.3bn / $44.1bn / no GIC AUM. 301 institutional twin. Do not 301 onto real-assets-vs-PE
46,explainer,emerging-markets-allocation-institutional,Emerging-markets allocation,allocator,brief,P1,refresh-drafted,Wave 46 overwrite. Live leftover GPIF ¥149T / $1.0T / leftover CalPERS $456bn / leftover GPFG $1.33T / leftover CPP $514bn. Official ¥293643.7bn / $637.1bn / kroner / C$793.3bn. GPIF not a SWF. Do not dollarize. Do not mint /emerging-markets-allocation/. Do not 301 onto climate
47,explainer,listed-vs-unlisted-infrastructure,Listed vs unlisted infrastructure,allocator,brief,P1,refresh-drafted,Wave 47 overwrite. Live leftover CDPQ CAD $410bn / leftover OTPP $254bn / leftover PGGM €220bn. Official CAD $517.3bn / C$303.2bn. PGGM is not a second AUM. Do not mint /pggm/ or /pfzw-netherlands/. Do not overwrite PFZW or CDPQ. Do not 301 onto infra equity-vs-debt
47,explainer,core-plus-value-add-opportunistic-real-estate,Core-plus value-add real estate,allocator,brief,P1,refresh-drafted,Wave 47 overwrite. Live leftover CalPERS $400bn / leftover Temasek $510bn / leftover CDPQ $280bn. Official $637.1bn / S$518bn / CAD $517.3bn. Do not 301 onto REIT-vs-direct. Do not overwrite Temasek or CDPQ
47,explainer,climate-scenario-analysis-institutional,Climate scenario analysis,allocator,brief,P1,refresh-drafted,Wave 47 overwrite. Live leftover CalPERS $440bn / leftover ABP €518bn / leftover IIGCC €50T. Official $637.1bn / €530bn. Do not overwrite ABP. Do not mint /climate-scenario-analysis/. Do not 301 onto climate-transition
47,explainer,currency-hedging-institutional-investors,Currency hedging,allocator,brief,P1,refresh-drafted,Wave 47 overwrite. Live leftover GPFG €1.08T / leftover CalPERS $469bn / leftover Yale $41.4bn / leftover ABP €650bn. Official kroner / $637.1bn / $44.1bn / €530bn. Do not euroize GPFG. Do not 301 onto LDI. Do not mint /currency-hedging/
47,explainer,private-real-estate-returns-institutional,Private real-estate returns,allocator,brief,P1,refresh-drafted,Wave 47 overwrite. Live leftover CalPERS $470bn / leftover RE sleeve $35bn / leftover $3T. Official $637.1bn. Do not mint /private-real-estate-returns/. Do not 301 onto REIT-vs-direct or core-plus
48,explainer,fiduciary-duty-explained-institutional,Fiduciary duty,allocator,brief,P1,refresh-drafted,Wave 48 overwrite. Live leftover CalPERS $470bn / leftover CalSTRS $316bn / leftover Harvard $50.7bn / leftover GPFG $1.35T / leftover NYS $280bn. Twin invents leftover PIF $700bn / leftover GPFG $1.5T. Official $637.1bn / $415.4bn / $56.9bn / kroner. 301 /what-is-fiduciary-duty/. Do not mint /harvard-endowment-explained/ or /fiduciary-duty-for-universal-owners/. Do not overwrite NYSCRF
48,explainer,grid-infrastructure-institutional-capital,Grid infrastructure capital,allocator,brief,P1,refresh-drafted,Wave 48 overwrite. Live leftover CPP $473bn / leftover CalPERS $460bn / leftover Temasek $403bn / leftover Future Fund $280bn / leftover GPFG $1.3T / leftover Yale $41bn. Official C$793.3bn / $637.1bn / S$518bn / A$269.1bn / kroner / $44.1bn. Do not overwrite Future Fund or Temasek. Do not 301 onto listed-vs-unlisted or AI-infra
48,explainer,data-centers-as-an-institutional-asset-class,Data centers as an asset class,allocator,brief,P1,refresh-drafted,Wave 48 overwrite. Live leftover CalPERS $450bn / leftover CPP $675bn / leftover GIC $847bn. Official $637.1bn / C$793.3bn / no GIC AUM. Do not 301 onto Gulf data-centers or AI-infra
48,explainer,home-bias-institutional-portfolios,Home bias,allocator,brief,P1,refresh-drafted,Wave 48 overwrite. Live leftover CalPERS $442bn / leftover GPFG $1.3T / leftover ABP €600bn / leftover CPP $650bn. Official $637.1bn / kroner / €530bn / C$793.3bn. Do not overwrite ABP. Do not 301 onto EM-allocation
48,explainer,fx-overlay-explained,FX overlay,allocator,brief,P1,refresh-drafted,Wave 48 overwrite. Live leftover GPFG $1.3T / leftover ADIA $150bn / leftover GIC $880bn / leftover CalPERS $440bn. Official kroner / no ADIA or GIC AUM / $637.1bn. Do not 301 onto currency-hedging or LDI. Do not mint /fx-overlay/
49,explainer,infrastructure-returns-benchmarks,Infrastructure returns,allocator,brief,P1,refresh-drafted,Wave 49 overwrite. Live leftover CDPQ $370bn / leftover OTPP $227bn / leftover GPFG $1.3T. Official CAD $517.3bn / C$303.2bn / kroner. Do not overwrite CDPQ. Do not 301 onto listed-vs-unlisted or grid-infra
49,explainer,risk-parity-explained,Risk parity,allocator,brief,P1,refresh-drafted,Wave 49 overwrite. Live leftover CalPERS $511bn / leftover GPFG $1.3T / leftover Yale $41.4bn. Official $637.1bn / kroner / $44.1bn. Do not 301 onto home-bias. Do not mint /risk-parity/
49,explainer,alternative-investments-institutional,Alternative investments,allocator,brief,P1,refresh-drafted,Wave 49 overwrite. Live leftover Yale $41bn / leftover GPFG $1.3T / leftover CalPERS $453bn. Official $44.1bn / kroner / $637.1bn. Do not 301 onto endowment-model. Do not overwrite Yale-model
49,explainer,portable-alpha-explained,Portable alpha,allocator,brief,P1,refresh-drafted,Wave 49 overwrite. Live leftover GPFG $1.3T / leftover CPP $540bn. Official kroner / C$793.3bn. Do not 301 onto active-vs-passive. Do not mint /portable-alpha/
49,explainer,stagflation-risk-institutional,Stagflation risk,allocator,brief,P1,refresh-drafted,Wave 49 overwrite. Live leftover GPFG $1.4T / leftover CalPERS $460bn. Official kroner / $637.1bn. Do not 301 onto climate-scenario. Do not mint /stagflation-risk/
50,explainer,investment-beliefs-asset-owners,Investment beliefs,allocator,brief,P1,refresh-drafted,Wave 50 overwrite. Live leftover CalPERS $438bn / leftover GIC $880bn / leftover OTPP $227bn / leftover GPFG $1.35T / leftover Yale $41bn / leftover CalSTRS $315bn / leftover PIF $700bn. Twin invents leftover CalPERS $448bn / leftover Future Fund $261bn. Official $637.1bn / no GIC AUM / C$303.2bn / kroner / $44.1bn / $415.4bn / more than US$900bn / A$269.1bn. 301 /what-is-an-investment-belief/. Do not overwrite Future Fund or GIC. Do not 301 onto Santiago or fiduciary
50,explainer,direct-investment-private-equity-institutional,Direct PE,allocator,brief,P1,refresh-drafted,Wave 50 overwrite. Live leftover CalPERS $450bn / leftover Brookfield $750bn. Official $637.1bn. Do not 301 onto PE co-invest or /co-investment-vs-direct-investment/. Do not mint /direct-investment-private-equity/
50,explainer,diversification-institutional-portfolios,Diversification,allocator,brief,P1,refresh-drafted,Wave 50 overwrite. Live leftover CalPERS $495bn / leftover Yale $41.4bn. Official $637.1bn / $44.1bn. Do not 301 onto home-bias or risk-parity. Do not mint /diversification/
50,explainer,esg-integration-institutional,ESG integration,allocator,brief,P1,refresh-drafted,Wave 50 overwrite. Live leftover CalPERS $440bn / leftover GPFG $1.3T / leftover Vanguard $8.6T. Official $637.1bn / kroner. Do not 301 onto climate-scenario. Do not mint /esg-integration/
50,explainer,manager-selection-institutional,Manager selection,allocator,brief,P1,refresh-drafted,Wave 50 overwrite. Live leftover CalPERS $469bn / leftover BlackRock $10T. Official $637.1bn. Do not 301 onto active-vs-passive. Do not mint /manager-selection/ or /how-do-owners-run-manager-selection/
51,explainer,decumulation-problem-explained,Decumulation,allocator,brief,P1,refresh-drafted,Wave 51 overwrite. Live leftover CalPERS $440bn / leftover CalSTRS $315bn / leftover CPP $575bn / leftover Yale $41.4bn / leftover Harvard $50.7bn / leftover GPFG $1.36T / leftover Future Fund $280bn. Official $637.1bn / $415.4bn / C$793.3bn / $44.1bn / $56.9bn / kroner / A$269.1bn. Do not overwrite Future Fund. Do not mint /harvard-endowment-explained/. Do not 301 onto endowment-model
51,explainer,inflation-long-term-portfolios,Inflation long-term portfolios,allocator,brief,P1,refresh-drafted,Wave 51 overwrite. Live leftover CalPERS $470bn / leftover GPFG $1.4T / leftover PIF $925bn / leftover Temasek $383bn / leftover GIC $688bn / leftover ABP $500bn. Official $637.1bn / kroner / more than US$900bn / S$518bn / no GIC AUM / €530bn. Do not overwrite Temasek or ABP. Do not 301 onto stagflation
51,explainer,securities-lending-explained,Securities lending,allocator,brief,P1,refresh-drafted,Wave 51 overwrite. Live leftover CalPERS $466bn / leftover CalSTRS $325bn / leftover GPIF $1.4T. Official $637.1bn / $415.4bn / yen. Do not dollarize GPIF. Do not overwrite GPIF. Do not mint /securities-lending/
51,explainer,private-markets-due-diligence,Private-markets DD,allocator,brief,P1,refresh-drafted,Wave 51 overwrite. Live leftover CalPERS $430bn / leftover BCI $240bn / leftover GPFG $1.35T. Official $637.1bn / $313.7bn gross / kroner. Do not overwrite BCI. Do not 301 onto Wave 35 private-markets or ODD
51,explainer,investment-policy-statement-explained,Investment policy statement,allocator,brief,P1,refresh-drafted,Wave 51 overwrite. Live leftover CalPERS $440bn / leftover GPFG $2T. Official $637.1bn / kroner. Do not 301 onto investment-beliefs or Santiago. Do not mint /investment-policy-statement/
52,explainer,what-is-stewardship-in-institutional-investing,Stewardship,allocator,brief,P1,refresh-drafted,Wave 52 overwrite. Live leftover CalPERS $470bn / leftover GPFG $1.4T / leftover Harvard $50bn. Official $637.1bn / kroner / $56.9bn. Do not mint /harvard-endowment-explained/. Do not 301 onto ESG or stewardship-codes
52,explainer,green-bonds-institutional-investors,Green bonds,allocator,brief,P1,refresh-drafted,Wave 52 overwrite. Live leftover CalPERS $446bn / leftover GPFG $1.4T / leftover NYS $280bn. Official $637.1bn / kroner / $295.4bn. Do not overwrite NYSCRF. Do not 301 onto climate-transition
52,explainer,mezzanine-debt-explained,Mezzanine debt,allocator,brief,P1,refresh-drafted,Wave 52 overwrite. Live leftover CalPERS $430bn / leftover GIC $690bn. Official $637.1bn / no GIC AUM. Do not 301 onto /what-is-private-credit/. Do not mint /mezzanine-debt/
52,explainer,tcfd-explained-institutional,TCFD,allocator,brief,P1,refresh-drafted,Wave 52 overwrite. Live leftover CalPERS $440bn / leftover CalSTRS $314bn / leftover ABP $570bn. Twin invents leftover Temasek $916bn / leftover KIA $183bn. Official $637.1bn / $415.4bn / €530bn / S$518bn / no KIA AUM. 301 /tcfd-explained/. Do not overwrite Temasek or ABP
52,explainer,science-based-targets-institutional,Science-based targets,allocator,brief,P1,refresh-drafted,Wave 52 overwrite. Live leftover CalPERS $469bn / leftover ABP €570bn / leftover NBIM $1.6T. Official $637.1bn / €530bn / kroner. Do not overwrite ABP. Do not 301 onto TCFD
53,explainer,portfolio-rebalancing-institutional,Portfolio rebalancing,allocator,brief,P1,refresh-drafted,Wave 53 overwrite. Live leftover CalPERS $440bn / leftover GPFG $1.3T / leftover MassPRIM $73bn / leftover Ohio SERS $41bn / leftover Colorado PERA $67bn. Official $637.1bn / kroner. Do not 301 onto home-bias or risk-parity. Do not mint /portfolio-rebalancing/ or /strs-ohio-explained/
53,explainer,paris-aligned-investment-explained,Paris-aligned investment,allocator,brief,P1,refresh-drafted,Wave 53 overwrite. Live leftover CalPERS $440bn / leftover USS £70bn / leftover USS $88bn / leftover GPFG NOK 12.1T / leftover GPFG $1.15T. Official $637.1bn / USS DB £79.8bn / kroner. Do not overwrite USS. Do not add the USS books. Do not 301 onto TCFD / SBTi / net-zero. Do not mint /paris-alignment/
53,explainer,transition-finance-explained,Transition finance,allocator,brief,P1,refresh-drafted,Wave 53 overwrite. Live leftover CalPERS $469bn / leftover ABP €550bn. Official $637.1bn / €530bn. Do not overwrite ABP. Do not 301 onto green-bonds or climate-transition. Do not mint /transition-finance/
53,explainer,climate-action-100-explained,Climate Action 100+,allocator,brief,P1,refresh-drafted,Wave 53 overwrite. Live leftover CalPERS $470bn / leftover GPIF $1.2T / leftover ABP €515bn / leftover ABP $560bn / leftover GPFG $1.3T. Official $637.1bn / yen / €530bn / kroner. Do not dollarize GPIF. Do not overwrite GPIF or ABP. Do not 301 onto stewardship or TCFD. Do not mint /climate-action-100/ or /ca100/
53,explainer,tnfd-explained-institutional,TNFD,allocator,brief,P1,refresh-drafted,Wave 53 overwrite. Live leftover GPFG $1.3T / leftover CalSTRS $310bn. Twin invents leftover CalPERS $440bn / leftover ABP $540bn / leftover GPFG $1.3T. Official $415.4bn / $637.1bn / €530bn / kroner. 301 /what-is-tnfd/. Do not overwrite ABP. Do not 301 onto TCFD. Do not mint /tnfd/
54,explainer,operational-due-diligence-private-equity,Operational DD,allocator,brief,P1,refresh-drafted,Wave 54 overwrite. Live leftover CalPERS $440bn (2024). Official $637.1bn. Do not 301 onto Wave 35 private-markets or Wave 51 private-markets-DD. Do not mint /operational-due-diligence/ or /odd-private-equity/
54,explainer,shareholder-activism-institutional,Shareholder activism,allocator,brief,P1,refresh-drafted,Wave 54 overwrite. Live leftover CalPERS $505bn (June 2024) / leftover $500bn. Official $637.1bn. Do not 301 onto stewardship or proxy-voting. Do not mint /shareholder-activism/
54,explainer,deforestation-risk-portfolios,Deforestation risk,allocator,brief,P1,refresh-drafted,Wave 54 overwrite. Live leftover CalPERS $450bn / leftover GPFG $1.3T / leftover Robeco $290bn. Official $637.1bn / kroner. Do not 301 onto TNFD or ESG. Do not mint /deforestation-risk/
54,explainer,proxy-voting-institutional-investors,Proxy voting,allocator,brief,P1,refresh-drafted,Wave 54 overwrite. Live leftover CalPERS $460bn / leftover CalSTRS $314bn / leftover Vanguard $8.2T. Twin invents leftover CalPERS $500bn / leftover GPFG $1.4T / leftover Yale $41.4bn / leftover Harvard $53.2bn / leftover Princeton $34.1bn / leftover CPP $618bn. Official $637.1bn / $415.4bn / kroner / $44.1bn / $56.9bn / $36.4bn / C$793.3bn. 301 /proxy-voting-explained/. Do not mint /harvard-endowment-explained/ or /princeton-endowment/. Do not 301 onto stewardship
54,explainer,stewardship-codes-explained,Stewardship codes,allocator,brief,P1,refresh-drafted,Wave 54 overwrite. Live leftover GPIF ¥180T / leftover $1.2T (2024). Official ¥293643.7bn. Do not dollarize GPIF. Do not overwrite GPIF. Do not 301 onto stewardship or ESG. Do not mint /stewardship-codes/
55,explainer,long-horizon-investing-explained,Long-horizon investing,allocator,brief,P1,refresh-drafted,Wave 55 overwrite. Live leftover CalPERS $473bn / leftover USS £78.4bn / leftover CalSTRS $313bn. Twin invents leftover CalPERS $440bn / leftover Yale $41bn / leftover CPP CAD $548bn. Official $637.1bn / £79.8bn / $415.4bn / $44.1bn / C$793.3bn. 301 /what-is-long-horizon-investing/. Do not overwrite USS. Do not 301 onto endowment-model
55,explainer,risk-management-framework-institutional,Risk-management framework,allocator,brief,P1,refresh-drafted,Wave 55 overwrite. Live leftover GPFG $1.35T / leftover CalPERS $438bn / leftover CalSTRS $314bn. Official kroner / $637.1bn / $415.4bn. Do not 301 onto risk-parity or diversification. Do not mint /risk-management-framework/
55,explainer,benchmarking-institutional-portfolios,Benchmarking,allocator,brief,P1,refresh-drafted,Wave 55 overwrite. Live leftover GPIF $1.7T / leftover CalPERS $475bn / leftover Harvard $50.9bn. Official yen / $637.1bn / $56.9bn. Do not dollarize GPIF. Do not overwrite GPIF. Do not mint /harvard-endowment-explained/
55,explainer,commodities-as-asset-class-institutional,Commodities as asset class,allocator,brief,P1,refresh-drafted,Wave 55 overwrite. Live leftover CPP $619bn / leftover CalPERS $490bn. Twin invents leftover CalPERS $470bn. Official C$793.3bn / $637.1bn. 301 /commodities-asset-class-institutional/. Do not 301 onto real-assets-vs-PE
55,explainer,carbon-pricing-institutional-investors,Carbon pricing,allocator,brief,P1,refresh-drafted,Wave 55 overwrite. Live leftover CalPERS $440bn / leftover Harvard $53.2bn. Official $637.1bn / $56.9bn. A carbon price is not house AUM. Do not 301 onto TCFD or climate-scenario. Do not mint /harvard-endowment-explained/ or /carbon-pricing/
56,explainer,system-level-investing-explained,System-level investing,allocator,brief,P1,refresh-drafted,Wave 56 overwrite. Live leftover CalPERS $489bn / leftover GPIF $1.4T / leftover OTPP $254bn / leftover GPFG $1.4T / leftover CalSTRS $313bn. Official $637.1bn / yen / C$303.2bn / kroner / $415.4bn. Do not 301 onto ESG or climate-scenario
56,explainer,separately-managed-account-institutional,Separately managed accounts,allocator,brief,P1,refresh-drafted,Wave 56 overwrite. Live leftover CalPERS $429bn / leftover GPFG $1.43T / leftover CPP $529.2bn / leftover CalSTRS $376bn. Official $637.1bn / kroner / C$793.3bn / $415.4bn. 301 /what-is-a-separately-managed-account-for-institutions/. Do not 301 onto OCIO
56,explainer,digital-assets-institutional-portfolios,Digital assets,allocator,brief,P1,refresh-drafted,Wave 56 overwrite. Live leftover Yale $41.4bn / leftover Harvard $50.7bn / leftover GPIF $1.89T. Official $44.1bn / $56.9bn / yen. Do not dollarize GPIF. Do not mint /harvard-endowment-explained/. Do not 301 onto tokenisation
56,explainer,natural-capital-biodiversity-risk-investors,Natural capital biodiversity risk,allocator,brief,P1,refresh-drafted,Wave 56 overwrite. Live leftover CalPERS $470bn / leftover CalSTRS $315bn. Twin invents leftover CalPERS $400bn+ / leftover GPFG $1.3T / leftover Ohio STRS $80bn+. Official $637.1bn / $415.4bn / kroner. 301 /what-is-natural-capital/. Do not mint /strs-ohio-explained/. Do not 301 onto TNFD or biodiversity-net-gain
56,explainer,smart-beta-institutional-investors,Smart beta,allocator,brief,P1,refresh-drafted,Wave 56 overwrite. Live leftover GPFG $1.3T / leftover CalPERS $440bn / leftover CPP $530bn. Official kroner / $637.1bn / C$793.3bn. Do not 301 onto factor-investing. Do not mint /smart-beta-explained/
57,explainer,issb-standards-explained,ISSB standards,allocator,brief,P1,refresh-drafted,Wave 57 overwrite. Live leftover CalPERS $440bn (2024). Twin invents leftover CalPERS $440bn / leftover GPFG $1.32T. Official $637.1bn / kroner. 301 /issb-standards-explained-investors/. Do not 301 onto TCFD. Do not mint /issb-standards/
57,explainer,illiquidity-premium-private-markets,Illiquidity premium,allocator,brief,P1,refresh-drafted,Wave 57 overwrite. Live leftover CalPERS $440bn / leftover Yale $41.4bn / leftover Blackstone $952bn. Official $637.1bn / $44.1bn. Do not 301 onto Wave 35 private-markets or endowment-model. Do not mint /illiquidity-premium/
57,explainer,biodiversity-net-gain-institutional-investors,Biodiversity net gain,allocator,brief,P1,refresh-drafted,Wave 57 overwrite. Live leftover CalPERS $488bn. Official $637.1bn. Twin /biodiversity-net-gain-investors/ had no leftover house AUM — do not 301. Do not 301 onto TNFD or natural-capital. Do not mint /biodiversity-net-gain/
57,explainer,demographic-transition-long-term-investing,Demographic transition,allocator,brief,P1,refresh-drafted,Wave 57 overwrite. Live leftover GPIF ¥184T / leftover $1.3T / leftover GPFG $1.46T / leftover CalPERS $439.2bn / leftover USS £87bn / leftover $110bn. Official yen / kroner / $637.1bn / USS DB £79.8bn. Do not overwrite USS or GPIF. Do not 301 onto long-horizon. Do not mint /demographic-transition/
57,explainer,political-risk-emerging-markets-investors,Political risk emerging markets,allocator,brief,P1,refresh-drafted,Wave 57 overwrite. Live leftover CalPERS $440bn / leftover GPIF $1.7T. Twin invents leftover CalPERS $470bn. Official $637.1bn / yen. 301 /political-risk-emerging-markets/. Do not 301 onto Wave 46 EM-allocation. Do not mint /what-is-political-risk/
58,explainer,preferred-equity-private-markets,Preferred equity,allocator,brief,P1,refresh-drafted,Wave 58 overwrite. Live leftover CalPERS $450bn / leftover Mubadala $280bn / leftover Ares-Apollo-Blackstone $200bn. Official $637.1bn / AED 1.4T US$385bn. Do not overwrite Mubadala. Do not 301 onto mezzanine or private-credit. Do not mint /preferred-equity/
58,explainer,sfdr-article-8-vs-article-9-funds,SFDR Article 8 vs 9,allocator,brief,P1,refresh-drafted,Wave 58 overwrite. Live leftover ABP €564bn / leftover GPFG $1.7T. Official €530bn / kroner. Do not overwrite ABP. Do not 301 onto ESG TCFD or /sfdr-explained/. Do not mint /what-is-sfdr/
58,explainer,impact-investing-private-markets-institutional,Impact investing,allocator,brief,P1,refresh-drafted,Wave 58 overwrite. Live leftover GPFG $1.3T / leftover CalPERS $440bn / leftover Yale $40bn / leftover Princeton $35bn. Official kroner / $637.1bn / $44.1bn / $36.4bn. Do not mint /princeton-endowment/. Do not 301 onto Wave 35 private-markets or ESG
58,explainer,gips-standards-explained-institutional,GIPS standards,allocator,brief,P1,refresh-drafted,Wave 58 overwrite. Live leftover CalPERS $470bn. Official $637.1bn. Twin /gips-standards-explained/ had no leftover house AUM — do not 301. Do not 301 onto benchmarking. Do not mint /what-is-gips/
58,explainer,erisa-explained-institutional-investors,ERISA,allocator,brief,P1,refresh-drafted,Wave 58 overwrite. Live leftover CalPERS $475bn (2024). Official $637.1bn. Twin /erisa-explained-institutional/ had no leftover house AUM — do not 301. Do not 301 onto fiduciary. Do not mint /what-is-erisa/
59,explainer,sfdr-explained,SFDR,allocator,brief,P1,refresh-drafted,Wave 59 overwrite. Live leftover GPFG €1.3T / leftover CalPERS $450bn+. Official kroner / $637.1bn. Do not euroize GPFG. Do not 301 onto Article 8 vs 9 ESG or TCFD. Do not mint /what-is-sfdr/
59,explainer,tokenisation-private-assets-institutions,Tokenisation,allocator,brief,P1,refresh-drafted,Wave 59 overwrite. Live leftover GPFG $1.4T. Twin invents leftover CPP C$430bn / leftover $322bn. Official kroner / C$793.3bn. 301 /tokenisation-private-assets/. Do not 301 onto digital-assets. Do not mint /what-is-tokenisation/
59,explainer,transition-management-explained,Transition management,allocator,brief,P1,refresh-drafted,Wave 59 overwrite. Live leftover CalPERS $470bn (2023) / leftover GPIF $1.7T (2023). Official $637.1bn / yen. Do not dollarize GPIF. Do not 301 onto transition-finance. Do not mint /what-is-transition-management/
59,explainer,institutional-investor-reporting,Institutional reporting,allocator,brief,P1,refresh-drafted,Wave 59 overwrite. Live leftover CalPERS $440bn / leftover GPFG $1.3T. Official $637.1bn / kroner. Do not 301 onto fiduciary. Do not mint /what-is-institutional-reporting/
59,explainer,policy-portfolio-vs-total-portfolio,Policy vs total portfolio,allocator,brief,P1,refresh-drafted,Wave 59 overwrite. Live leftover CPP CAD $596.1bn / leftover OTPP CAD $233.1bn / leftover GPFG $1.35T / leftover ABP €578bn / leftover Harvard $50.7bn. Official C$793.3bn / C$303.2bn / kroner / €530bn / $56.9bn. Do not overwrite CPP OTPP or ABP. Do not 301 onto TPA define. Do not mint /harvard-endowment-explained/
2,careers,careers/intelligence/search-brief-for-a-real-assets-head,Writing a real-assets head search brief,both,careers-alert,P1,needed,
